,comments,labels
0,در کل خوبه,پیشنهاد می‌کنم
1,فقط میتونم بگم عالیه,پیشنهاد می‌کنم
2,خیلی خوبه مخصوصا برای محل کار,پیشنهاد می‌کنم
3,خوبه کار راه اندازه ولی حیف که چرخش نداره,پیشنهاد می‌کنم
4,نسبت به قیمتش خیلی محصول خوب و کاربردیه,پیشنهاد می‌کنم
5,زیبا و کم جا و قدرت خوبی هم به اندازه خودش دارد,پیشنهاد می‌کنم
6,خوب,پیشنهاد می‌کنم
7,بسیار کاربردی,پیشنهاد می‌کنم
8,خرید پیشنهاد می شود,پیشنهاد می‌کنم
9,پنکه خوبیه دوساله دارم استفاده مکنم از اینی که دارم کوچیکتر بود مرجوع شد,پیشنهاد می‌کنم
10,سگ جون و کار راه انداز,پیشنهاد می‌کنم
11,ازین پنکه یکبار دیگه هم سفارش دادم و عالی بود. روی دور کند کاملا بیصدا کار میکنه و جلوش رو تا حدودا یکی دو متر خنک میکنه. خلاصه عالیه. ممنون از دیجی کالا. راستی برگه ضمانت نامه هم همراهش بود,پیشنهاد می‌کنم
12,کیفیت خوبی داره,پیشنهاد می‌کنم
13,مثل یه پنکه هست با سه حالت سرعت,پیشنهاد می‌کنم
14,همه چیزیش خوب بود ولی عقربه سرعتش برعکسه,پیشنهاد می‌کنم
15,پنکه بی صدا و با کیفیت,پیشنهاد می‌کنم
16,خیلی عالی,پیشنهاد می‌کنم
17,عالی و پر قدرت,پیشنهاد می‌کنم
18,پنکه,پیشنهاد می‌کنم
19,جالب است,پیشنهاد می‌کنم
20,کوچولو و بامزه,پیشنهاد می‌کنم
21,دمنده,پیشنهاد می‌کنم
22,خوبه,پیشنهاد می‌کنم
23,خوبه برای روی میز، قدرت باد خوبیم داده تنها ضعفش نداشتن حالت چرخشه,پیشنهاد می‌کنم
24,من توی تخفیف خریدم و خیلی راضیم. فقط فکر می کردم شب موقع خواب بتونم روشن کنم ولی صداش نمیذاره بخوابم. البته همین مدل رو دوستم شب ها روشن میذاره و با صداش مشکلی نداره. به میزان حساسیت خودتون بستگی داره,پیشنهاد می‌کنم
25,عالیه موفق باشید,پیشنهاد می‌کنم
26,پنکه اقتصادی و مناسب,پیشنهاد می‌کنم
27,خوب بود,پیشنهاد می‌کنم
28,محصولات دمنده همیشه برنده.,پیشنهاد می‌کنم
29,به نسبت خودش عالیه و خرید خوبیه کم صدا و کارآمد,پیشنهاد می‌کنم
30,خیلی خوبه ولی قیمتش بالا هست با این مبلغ میتونستم کولر آبی رومیزی تهیه کنم,پیشنهاد می‌کنم
31,اونقدر که بعضی خریداران فرمودن چیز تاپی نیست. منو راضی نکرد,مطمئن نیستم
32,من این محصول را برای استفاده در کتابخانه خریدم و پشیمان هستم. اولا حجم و وزن زیادی دارد و حمل آن مشکل است. یعنی شما حداقل یک کیف دستی مخصوص این پنکه باید همراهتون باشه. دوما مقداری صدا ایجاد میکند. صدایش در حداقل سرعت در محیط کتابخانه مقداری مزاحم است. یعنی نفر کناری را اذیت می‌کند و سکوت عادی را بهم میزند. سوم اینکه شدت باد آن برای فاصله نزدیک زیاد است. اگر در حالت حداقل سرعت باشد و ۵۰ سانت فاصله روی میز با شما داشته باشد بادش شدید است و پوست را خشک می‌کند. باید حداقل یک متر ...,پیشنهاد نمی‌کنم
33,واقعا ارزنده و مفید,پیشنهاد می‌کنم
34,کیفیتش واقعا خوبه. ولی قیمتش بی دلیل بالاست,پیشنهاد می‌کنم
35,ازش راضيم، براي اتاق دخترم خريدم.,پیشنهاد می‌کنم
36,پنکه دمنده هاله,پیشنهاد می‌کنم
37,پرتاب باد حتی درجه پایین زیاد و بی صدا در حد صدای کولر بدون کوچکترین لرزش باد خنک و دلنشین از خریدش اصلا پشیمون نیستم این کولر کوچولو را حتما بخرید دیجی کالا ممنونم🥰,پیشنهاد می‌کنم
38,باددهی عالی,پیشنهاد می‌کنم
39,بخرید برای استفاده فردی خوب و مناسب است.,پیشنهاد می‌کنم
40,بسته آسیب دیده بود,پیشنهاد نمی‌کنم
41,عالی بود,پیشنهاد می‌کنم
42,پنکه رومیزی دمنده مدل Haleh,پیشنهاد می‌کنم
43,عالی,پیشنهاد می‌کنم
44,همه اش تو بغلمه ، کوچیکه تو هراتاق برم با خودم میبرمش ، از گرمای تابستان امسال نجاتم داد ، اگر به صدا حساسید این وسیله صدا داره مثل پنکه های قدیمی,پیشنهاد می‌کنم
45,جالبه,پیشنهاد می‌کنم
46,دو تا پنکه خریدم. واقعا بادش عالین. امیدوارم زود خراب نشن.,پیشنهاد می‌کنم
47,خوبه,پیشنهاد می‌کنم
48,ببینید دوستان من همیشه سعی میکنم نظر واقعی بدم که بقیه ام به شک نیوفتن . برای این قیمت ۷۰۰ ، ۸۰۰ تومن واقعا چیز به صرفه و خوبیه ، من شب میخوام بخوابم با وجود کولر اینم میزارم کنارم که قشنگ خنکم میکنه . صداشم اصلن زیاد نیست,پیشنهاد می‌کنم
49,خوبه,پیشنهاد می‌کنم
50,خود پنکه رو پیشنهاد می کنم,پیشنهاد می‌کنم
51,خوبه,پیشنهاد می‌کنم
52,خیلی باحال ولی کاش دسته داشت,پیشنهاد می‌کنم
53,خوبه,پیشنهاد می‌کنم
54,عالی,پیشنهاد می‌کنم
55,حدودا دو هفته پیش ما این محصول خریداری کردیم از همون ابتدا درجه پرتاب باد برعکس تنظیم شده بود که باهاشون تماس گرفتیم ولی پاسخگو نبودن و الان هم که کلا دیگه کار نمیکنه فکر کنم سوخت,پیشنهاد نمی‌کنم
56,از خریدم راضی هستم کار راه انداز است,پیشنهاد می‌کنم
57,در کل خوبه,پیشنهاد می‌کنم
58,بادش خوب نیس ۴۵۰ هزار تومن نمیرزه,مطمئن نیستم
59,خیلی خیلی خوبه ممنون,پیشنهاد می‌کنم
60,خوب بود. استفاده شد,پیشنهاد می‌کنم
61,خوبه,پیشنهاد می‌کنم
62,پنکه رو میزی,پیشنهاد نمی‌کنم
63,خوب بود,پیشنهاد می‌کنم
64,عالی عالی,پیشنهاد می‌کنم
65,پنکه رومیزی,پیشنهاد می‌کنم
66,خوبه,پیشنهاد می‌کنم
67,جنس خوبی داره من برا تهویه اتاق خواب گرفتم راضی ام,پیشنهاد می‌کنم
68,باد کم!!,پیشنهاد نمی‌کنم
69,پیشنهاد میکنم، در نوع خودش عالی,پیشنهاد می‌کنم
70,خوب بود کارآیی خوبی داره پارسال از همین برند خریدم سرعت فنش به جای از کم به زیاد، از زیاد به کم بود. ولی جالب اینجاست که این یکی هم بعد یکسال هنوز این مشکل رو داره. ولی در کل خوبه و خوب کار میکنه.,پیشنهاد می‌کنم
71,پنکه دمنده,پیشنهاد می‌کنم
72,پنکه رومیزی,پیشنهاد می‌کنم
73,کاش بزرگتر بود یا چرخش داشت,پیشنهاد می‌کنم
74,بد نیست کار رو راه میندازه,پیشنهاد می‌کنم
75,نسبت به قیمتش میارزه شب تا صبح روشن میزارم ولی هیچیش نشده,پیشنهاد می‌کنم
76,خیلی عالی,پیشنهاد می‌کنم
77,پنکه دمنده,مطمئن نیستم
78,باد مناسب,پیشنهاد می‌کنم
79,قسمت مناسب برای فضای اتاق۱۲ متری برای فضای بزرگ نمیشه روش حساب کرد,پیشنهاد می‌کنم
80,بد نیست,پیشنهاد می‌کنم
81,دمنده خوبی هست و پرتاب باد خوبی داره,پیشنهاد می‌کنم
82,حرف نداره,پیشنهاد می‌کنم
83,فعلا که خوبه . کاش تولید کننده یه دسته هم براش میذاشت .,پیشنهاد می‌کنم
84,پنکه خوبیه و شتاب بادش هم خوبه فقط عیبش صدای زیادشه ی جوری سایلنت ترش میکردن بهتر بود,پیشنهاد می‌کنم
85,عالی,پیشنهاد می‌کنم
86,پنکه رومیزی,پیشنهاد می‌کنم
87,پنکه رومیزی,پیشنهاد می‌کنم
88,کارآمد,پیشنهاد می‌کنم
89,من تازه خریدم و خیلی راضی هستم اتاق من کوچک هست و این سایز برای عالی,پیشنهاد می‌کنم
90,خیلی خیلی خوبه,پیشنهاد می‌کنم
91,هوادهی ضعیف,پیشنهاد نمی‌کنم
92,پنکه,پیشنهاد می‌کنم
93,نسبت به ساختش عملکردش قابل قبوله,پیشنهاد می‌کنم
94,من از دیجی کالا این دستگاه را خریدم راضی هستم و به شما هم پیشنهاد میکنم از دیجی کالا خرید کنید ممنون,پیشنهاد می‌کنم
95,بسیار کاربردی,پیشنهاد می‌کنم
96,خوب و کار راه انداز,پیشنهاد می‌کنم
97,روی میز کارم گذاشتم خیلی خوبه,پیشنهاد می‌کنم
98,کاربردی برای فرار از گرما در محل کار,پیشنهاد می‌کنم
99,پنکه رومیزی رو پیشنها میکنم چون واقعا کار راه انداز هستش,پیشنهاد می‌کنم
100,وسیله به درد بخوره,پیشنهاد می‌کنم
101,عالی. بسیار خنک. پیشنهاد میکنم,پیشنهاد می‌کنم
102,راضی هستم,پیشنهاد می‌کنم
103,پنکه عالی,پیشنهاد می‌کنم
104,عالی,پیشنهاد می‌کنم
105,درکل خیلی عالیه فقط کاش قابلیت شارژ داشت زمانیکه برق میرفت قابل استفاده بود,پیشنهاد می‌کنم
106,خوب بود,پیشنهاد می‌کنم
107,توصیه به خریدش دارم,پیشنهاد می‌کنم
108,خوبه,پیشنهاد می‌کنم
109,خوبه,پیشنهاد می‌کنم
110,پنکه,پیشنهاد می‌کنم
111,ایکاش یه پایه کوتاهی براش طراحی بشه که قدرت چرخش پره به محاسن این پنکه اضافه بشه,پیشنهاد می‌کنم
112,من برای روی میزم گرفتم،جای کمی رو اشغال می‌کنه و پرتاب بادش خوبه.درکل راضیم,پیشنهاد می‌کنم
113,کالای مناسب و با کیفیت,پیشنهاد می‌کنم
114,این به اصطلاح پنکه رو خریدم برا مغازه فقط یکش باد خوبی میزد درجه ی دو میچرخونی حتی یه نسیمم نمیزنه رو شماره سه میچرخونی خاموش میشه صدا میده ،سیمش کوتاه بود یک مترم نیس،موقع تحویل تو کارتن مخصوص دیجیکالا نبود دور کارتن خودش سلفون کشیدن در کارتن پنکه باز بود یه کیسه وکیومم نداشت انگار جنس دس دو فروختن مرجوع کردم صبر کردم یکی دیگه بیارن دوباره همون خراب اولیو سلفون پیچ فرستادن برام که بازم مجبور به مرجوع مجدد شدم دلخورم که چرا دیجیکالا چک نمیکنه کالاسالمه یا نه,پیشنهاد نمی‌کنم
115,خرید خوب,پیشنهاد می‌کنم
116,بسیار عالی قدرت پرتاب باد زیاد بنظرم توی هر خونه ای لازمه,پیشنهاد می‌کنم
117,خوبه,پیشنهاد می‌کنم
118,عالی,پیشنهاد می‌کنم
119,بسیار کاربردی با کیفیت مناسب,پیشنهاد می‌کنم
120,دومین باره میخرم عالی,پیشنهاد می‌کنم
121,عالیه،بی صداس,پیشنهاد می‌کنم
122,خوبه,پیشنهاد می‌کنم
123,خوبه,پیشنهاد می‌کنم
124,سلام کلا اهل نظر دادن نیستم زیاد ولی گفتم برا این یه مورد باید نظرمو بذارم ، تو این هفت هشت سالی که از دیجیکالا خرید کردم ، ارسالی به این بدی ندیده بودم ، اصلا با کارت خود کالا فرستاده بودن و کارتن دیجیکالا نداشت رو هم نداشت ، جعبه خودش هم کلا انگار له شده بود ، بعد که کالا رو دیدم یه جور خط و خش و سیاهی روی کابل دیدم که یه حسی رو بهم داد که انگار قبلا کسی استفاده کرده ، خود کالا عیب و نقص خاصی نداره فقط امیدوارم سالم به دستتون برسونم,پیشنهاد می‌کنم
125,برای روی میز خیلی مناسب و کاردبردیه، من دو ساله خریدم و راضی هستم,پیشنهاد می‌کنم
126,خوب,پیشنهاد می‌کنم
127,کم صدا و بازدهی خوب,پیشنهاد می‌کنم
128,خیلی خوبه راضیم,پیشنهاد می‌کنم
129,کاملا راضی بودم ممنون,پیشنهاد می‌کنم
130,بسیار زیبا و شکیل خیلی سبک سه دور شدت دمش باد داره که بسیار عالیه دمش باد حتی در دور پایین، بسیار عالی دور سه، شدت باد خیلی زیادی تولید میکنه و کاملا میشه در اتاق جایگزین پنکه های معمولی بشه طول سیمش خیلی خوبه اصلا لرزش و صدا نداره,پیشنهاد می‌کنم
131,قیمت خوب کارایی عالی,پیشنهاد می‌کنم
132,بسته بندی مناسب باشه بهتر است.حمل ونقل ان ضعیف,پیشنهاد می‌کنم
133,عالی و کاربردی,پیشنهاد می‌کنم
134,خوب بود,پیشنهاد می‌کنم
135,بسیار خوب است,پیشنهاد می‌کنم
136,پنکه رومیزی,پیشنهاد می‌کنم
137,خنک نمی کنه,مطمئن نیستم
138,شدت باد خوبی دارد و خنک میکند فقط اینکه ثابت هست و چرخشی نیست,پیشنهاد می‌کنم
139,فن رومیزی دمنده,پیشنهاد می‌کنم
140,فن هست,پیشنهاد نمی‌کنم
141,بادش خود است مشمل این است چرخشی نیست ثابت است,پیشنهاد می‌کنم
142,از ۲۴ ساعت ۲۲ ساعت روشنه خیلی راضیم .,پیشنهاد می‌کنم
143,برای یه اتاق کوچیک ۴ متری هم حتی جواب نمیده. البته برای شهرهای شمالی یا شمال غربی که هوا خیلی گرم نمیشه میتونه خوب باشه. حالا یه خوبی که داره من به مدت طولانی (بیشتر از ۱۲ ساعت) در طول روز روشن میذارمش (رو شدت ۲ و ۳) و هیچیش نشده فعلا. یعنی از لحاظ اینکه سالم باشه و کار کنه اوکیه.,پیشنهاد نمی‌کنم
144,راضی هستم,پیشنهاد می‌کنم
145,خیلی معمولی,مطمئن نیستم
146,جنس بدنه خوبه ،زیباست و به درد بخوره ولی دوست داشتم حالت گردش به طرفین هم داشت,پیشنهاد می‌کنم
147,عالیه من دو مدلش رو خریدم . فقط کاش چرخش هم داشت,پیشنهاد می‌کنم
148,عالیه,پیشنهاد می‌کنم
149,خوبه تازه خریدم واسه رو میز و از نزدیک خوبه,پیشنهاد می‌کنم
150,پنکه,پیشنهاد می‌کنم
151,فقط میتونم بگم عالیه,پیشنهاد می‌کنم
152,کاربردی هستش ،صداش در دور تندش زیاده اما آزار دهنده نیست . در کل خوبه,پیشنهاد می‌کنم
153,عالی,پیشنهاد می‌کنم
154,بعد از چند روز انتظار ،کالایی که بدستم رسید دارای ایراد ظاهری بود و رنگ بدنه زرد شدگی داره که پاک نمیشه همچنین دکمه ی سرعتش هم برعکسه یعنی شماره یک بالاترین سرعت و شماره سه کمترین سرعته,مطمئن نیستم
155,میارزه,پیشنهاد می‌کنم
156,کاربردی,پیشنهاد می‌کنم
157,پنکه,پیشنهاد می‌کنم
158,عالی,پیشنهاد می‌کنم
159,از نظر کم جا بودن عالیه. تو دور کمش صدای کمی داره و طبیعتا تو دورای بالاتر کمی صداش بیشتر میشه ولی اصلا آزار دهنده نیست. شدت باد خوبی ام داره برای اتاق تا 12 متری کفایت میکنه. اگر مدت زمان بالایی یه جا نشسته باشید این پنکه تا حد زیادی از شر گرما خلاصتون میکنه. طرح و ساختشم خوبه و اصلا ایجاد منظره زشتی نمیکنه و بدنه سفید و طوسی تمیز کار شده ای داره. فقط اگر فکری براش میکردن که پایه هاش بالا و پایین شه و بشه براش زاویه ایجاد کرد خیلی عالی ترم میشد. کارت گارانتی 18 ماهه هم همراه ...,پیشنهاد می‌کنم
160,عالی بود,پیشنهاد می‌کنم
161,عالیههه,پیشنهاد می‌کنم
162,عالی,پیشنهاد می‌کنم
163,من راضی بودم واقعا از گرما نجاتم داد فقط تنها مشکل اینه که هم کوچیکه هم کامل ثابت واینمیسه یکم به عقب متمایله,پیشنهاد می‌کنم
164,عالی و بیصدا,پیشنهاد می‌کنم
165,پنکه رومیزی دمنده مدل Haleh,پیشنهاد می‌کنم
166,ارزش خرید داره واقعا,پیشنهاد می‌کنم
167,خوبه .فقط کار فن رو انجام میده .صداش زیاد نیست .بادش هم معمولی,پیشنهاد می‌کنم
168,عالی,پیشنهاد می‌کنم
169,وسیله ای مناسب برای فضاهای کوچک,پیشنهاد می‌کنم
170,پنکه رومیزی ثابت,پیشنهاد می‌کنم
171,کاربردی,پیشنهاد می‌کنم
172,عالی بود بدون صدای اضافه فقط صدای فن که اونم طبیعیه,پیشنهاد می‌کنم
173,دومین باره این پنکه رو میخرم. برای یه اتاق کوچیک کاملا مناسبه,پیشنهاد می‌کنم
174,بسیار عالی,پیشنهاد می‌کنم
175,عالی,پرتاب باد خوب
176,پنکه رومیزی,پیشنهاد می‌کنم
177,اگه واسه دفتر کار یا همچین چیزی میخواینش عالیه به نسبت قیمتش واسه آشپزخونه وفرار از گرما کنار اجاق هم کارآییش خوبه.. سه تا پرجه تنظیم دارهدرجه کمش هم قدرتش خوبه..کلا راضیم,پیشنهاد می‌کنم
178,درکل خوبه,پیشنهاد می‌کنم
179,من برای خنک کردن پشت یخچال خریداری کردم که جواب داد,پیشنهاد می‌کنم
180,خیلی خوبه باد خیلی خوبه میزنه,پیشنهاد می‌کنم
181,کار راه انداز,پیشنهاد می‌کنم
182,درخصوص پنکه رو میزی دمنده,پیشنهاد می‌کنم
183,خوبه,پیشنهاد می‌کنم
184,متوسط,پیشنهاد می‌کنم
185,به نظرم اکازیونه,پیشنهاد می‌کنم
186,خوبه برای اداره گرفتم,پیشنهاد می‌کنم
187,جنس خوب و قیمت مناسب,پیشنهاد می‌کنم
188,5,پیشنهاد می‌کنم
189,فعلا عالی است.,پیشنهاد می‌کنم
190,درجه سوم (دور کند) دستگاه از زمان باز کردن و شروع به کار کردن خراب بود و حتا با وجود ارائه به نمایندگی و ارسال به شرکت تعمیر نگردید و با همان دو حالت کار میکند.,پیشنهاد نمی‌کنم
191,خوشم آمد. با توجه به قیمتش خوبه و باد خوبی میده,پیشنهاد می‌کنم
192,واقعا عالیه...,پیشنهاد می‌کنم
193,پیشنهاد میکنم,پیشنهاد می‌کنم
194,پنکه رومیزی,پیشنهاد می‌کنم
195,خریدار,پیشنهاد می‌کنم
196,قبلا داشتم.از محصولات شرکت دمنده راضیم,پیشنهاد می‌کنم
197,پنکه,پیشنهاد می‌کنم
198,کار راه اندازه ولی فکر نکنم برای طولانی مدت جواب بده,مطمئن نیستم
199,افتضاح,پیشنهاد نمی‌کنم
200,عالی,پیشنهاد می‌کنم
201,بد نیست ولی قدرت و کارایی پنکه رو نداره برای روزای گرم یکم گردش هوا در اطراف ایجاد میکنه,پیشنهاد می‌کنم
202,خوب و نه عالی,پیشنهاد می‌کنم
203,خنک می‌کنه کیفیت عالی,پیشنهاد می‌کنم
204,عالی و کارآمد,پیشنهاد می‌کنم
205,خیلی عالیه و بادهی عالیی داره,پیشنهاد می‌کنم
206,خوبه میتونست بهتر هم باشه,پیشنهاد می‌کنم
207,خوبه,پیشنهاد می‌کنم
208,نظر کم طرفدار (قطعا منتظر لایک منفی بی منطقتون هستم!),پیشنهاد نمی‌کنم
209,کوچیکه اما‌خوبه,پیشنهاد می‌کنم
210,خیلی خیلی عالی,پیشنهاد می‌کنم
211,برای فضای کوچیک مناسبه، شدت باد خوبی داره و صدای کم. راضی‌ام از خریدش.,پیشنهاد می‌کنم
212,قیمت مناسب,پیشنهاد می‌کنم
213,عالی,پیشنهاد می‌کنم
214,نقاط قوت,پیشنهاد می‌کنم
215,خوب,پیشنهاد می‌کنم
216,توصیه میکنم,پیشنهاد می‌کنم
217,خوب نیست,پیشنهاد نمی‌کنم
218,خیلی خوب بود,پیشنهاد می‌کنم
219,..,مطمئن نیستم
220,کوچک و کاربردی,پیشنهاد می‌کنم
221,خوبه,پیشنهاد می‌کنم
222,خوب کار میکنه,پیشنهاد می‌کنم
223,عالی,پیشنهاد می‌کنم
224,عالی,پیشنهاد می‌کنم
225,اصلا خوب نیست برای یه اتاق کوچک گرفتم اما اصلا اونطوری ک تو نظرات خوندم نبود روبروت تنظیم کنی یه بادی میخوری و گرنه نه😏,پیشنهاد نمی‌کنم
226,خوب,پیشنهاد می‌کنم
227,دمنده هاله,پیشنهاد می‌کنم
228,عالی بود,پیشنهاد می‌کنم
229,من بر خلاف نظر بقیه دوستان،به نظرم اصلا خنک نمی کنه,پیشنهاد نمی‌کنم
230,زیاد جالب نبود,پیشنهاد نمی‌کنم
231,چون اکثر نظرات مثبت بود خریدم ولی پرتاب باد قیمت بالا و کلید رضایت بخش نبود. نداشتن دستگیره و ثابت بدون جهت باد را هم اضافه کنید.,پیشنهاد نمی‌کنم
232,پنکه رومیزی,مطمئن نیستم
233,پرتاب بادش عالی,پیشنهاد می‌کنم
234,پیشنهاد میکنم,پیشنهاد می‌کنم
235,وسیله کاربردی,پیشنهاد می‌کنم
236,فوق العاده کار بردی,پیشنهاد می‌کنم
237,عالی,پیشنهاد می‌کنم
238,کیفیت بالا هوادهی خوب,پیشنهاد می‌کنم
239,نسبت به قیمت خوبه,پیشنهاد می‌کنم
240,وزن کم ، خنک کنندگی خوب قیمت مناسب,پیشنهاد می‌کنم
241,پنکه رومیزی دمنده,پیشنهاد می‌کنم
242,فقط بیست دقیقه کار کرد,پیشنهاد نمی‌کنم
243,پنکه رو میزی,پیشنهاد می‌کنم
244,اندازه خوبی داره.قدرتش هم خوبه.برای شب که میخواهید بخوابید و کولر روشن نکنید، مناسب است,پیشنهاد می‌کنم
245,پنکه رومیزی,پیشنهاد می‌کنم
246,واقعا عالی بود,پیشنهاد می‌کنم
247,پنکه دمنده,پیشنهاد می‌کنم
248,عالی بود,پیشنهاد می‌کنم
249,عااااالی,پیشنهاد می‌کنم
250,خیلی خوب بود ممنونتون دیجی کالا,پیشنهاد می‌کنم
251,تنوع در زندگی,پیشنهاد می‌کنم
252,پنکه رومیزی دمنده,پیشنهاد می‌کنم
253,نسبت به قبمتش خوبه,پیشنهاد می‌کنم
254,پیشنهاد میکنم,پیشنهاد می‌کنم
255,عالی,پیشنهاد می‌کنم
256,پنکه رومیزی دمنده مدل Haleh,پیشنهاد می‌کنم
257,خوبه,پیشنهاد می‌کنم
258,درباره پنکه رومیزی دمنده مدل هاله,پیشنهاد می‌کنم
259,در کل می ارزه,پیشنهاد می‌کنم
260,بادهی خوبی داره ،من شبها تا صبح روشن میزارمش و اصلا هم داغ نکرده,پیشنهاد می‌کنم
261,خوب بود,پیشنهاد می‌کنم
262,به شدت توصیه میشه. اونقدر صدا نداره و حتی وقتی روی کمترین درجه س اتاق رو خنک میکنه,پیشنهاد می‌کنم
263,عالی بووود,پیشنهاد می‌کنم
264,عاالی,پیشنهاد می‌کنم
265,پنکه کار راه انداز,پیشنهاد می‌کنم
266,جمع و جور و عالی,پیشنهاد می‌کنم
267,جمع و جور و مقرون به صرفه,پیشنهاد می‌کنم
268,3 تا حالت داره که حالت يک ش باد خوبي مي زنه و در کل براي استفاده در يک اتاق کوچک يا فاصله نهايتا 3 متري مناسب هست. بدنه با کيفيتي هم داره,پیشنهاد می‌کنم
269,پنکه,پیشنهاد نمی‌کنم
270,پنکه,پیشنهاد می‌کنم
271,پنکه,مطمئن نیستم
272,تشکر از دیجی کالا,پیشنهاد می‌کنم
273,خوب,پیشنهاد می‌کنم
274,برای میز کار عالی,پیشنهاد می‌کنم
275,خیلی خوب,پیشنهاد می‌کنم
276,خیلی بد بود,پیشنهاد نمی‌کنم
277,خیلی عالی و حجم بالا,پیشنهاد می‌کنم
278,احتمالا کیفیت همه محصولات این شرکت یکسان نیست که بعضی راضی هستن و بعضی ناراضی . برای من روی دور کند در قسمت بوش موتور صدای اضافی داره و بدنه پنکه هم لرزش داره که باعث میشه روی میز که میزارم صدا بیشتر بشه,مطمئن نیستم
279,خوبه,پیشنهاد می‌کنم
280,در کل خوبه در طی چند روز استفاده,مطمئن نیستم
281,ثبت نظر در مورد دمنده رو میزی مدل هاله,پیشنهاد می‌کنم
282,واقعا خوب و بی صداست من راضی ام,پیشنهاد می‌کنم
283,خوبه,پیشنهاد می‌کنم
284,عالی,پیشنهاد می‌کنم
285,عالیه کیفیتش,پیشنهاد می‌کنم
286,خوب و کار راه انداز,پیشنهاد می‌کنم
287,خوبه جمع و جوره,پیشنهاد می‌کنم
288,پیشنهاد میکنم,پیشنهاد می‌کنم
289,کارایی نداره,مطمئن نیستم
290,اگه ان شاءالله مشکلی پیدا نکنه واقعا عالیه,پیشنهاد می‌کنم
291,در کل پنکه مناسبی هست در مدت یک هفته استفاده من که راضی بودم . صدای موتور در دورهای مختلف رو گذاشتم میتونید ببینید.,پیشنهاد می‌کنم
292,راضیم,پیشنهاد می‌کنم
293,خوب بود,پیشنهاد می‌کنم
294,خیلی عالی و خوب بود,پیشنهاد می‌کنم
295,ی سه روزهست خریدم بیشتر وقتها روشنه و عالی کار می‌کنه و بیصدا,پیشنهاد می‌کنم
296,پنکه کوچولو و سبک,پیشنهاد می‌کنم
297,من برای خودم ودوتا از دوستانم خریدم.همونطور که در نظرات میخونین یه ایراداتی داره ولی به نظرم مزایاش بیشتره.خیلی بیصدا و کم مصرفه,پیشنهاد می‌کنم
298,عالی,پیشنهاد می‌کنم
299,کار کرد عالیه,پیشنهاد می‌کنم
300,با توجه به تعریف دوستان خریدم ولی یه محصول کاملا معمولی زیاد خنک نمیکنه رو دور تند هم خیلی صدا داره,مطمئن نیستم
301,پنکه,پیشنهاد می‌کنم
302,راضی,پیشنهاد می‌کنم
303,عالیععععععععع,پیشنهاد می‌کنم
304,سلام راضی بودم وبموقع هم تحویل دادن ممنون,پیشنهاد می‌کنم
305,خیلی عالیه,پیشنهاد می‌کنم
306,کارایی,پیشنهاد می‌کنم
307,پر صدای کم بازده,وزن سبک
308,ساده ولی پر کاربرد,پیشنهاد می‌کنم
309,پنکه,پیشنهاد می‌کنم
310,راضی نبودم,مطمئن نیستم
311,قدرت خوب,پیشنهاد می‌کنم
312,جنس خوبی داره سه سرعته خوب خنک میکنه صدا نداره اصلا,پیشنهاد می‌کنم
313,عااالیه,پیشنهاد می‌کنم
314,پنکه,مطمئن نیستم
315,خریدار,پیشنهاد می‌کنم
316,کلا دستگاه خوبیه,پیشنهاد می‌کنم
317,خوب,پیشنهاد می‌کنم
318,دمنده,پیشنهاد می‌کنم
319,قدرت و پرتاب باد عالی,پیشنهاد می‌کنم
320,عالی بود,پیشنهاد می‌کنم
321,من برای اتاق خوابم گرفتم و شب ها روشنش میکنم رو درجه پایین، که خیلی مناسب هست.,پیشنهاد می‌کنم
322,واقعا با کیفیت و قیمت عالی,پیشنهاد می‌کنم
323,عالیییی,پیشنهاد می‌کنم
324,عالیه کاملا راضیم,پیشنهاد می‌کنم
325,فکر نمی‌کردم جواب بده ولی برا اتاق ۱۲متری خوب بود,پیشنهاد می‌کنم
326,خوب بود,پیشنهاد می‌کنم
327,باد دهی خوبی روی دکمه یک دارد،باید دید در طولانی مدت چطور کار میکنه,پیشنهاد می‌کنم
328,پنکه رومیزی,پیشنهاد می‌کنم
329,خوب,پیشنهاد می‌کنم
330,برای محل کار خوبه,پیشنهاد می‌کنم
331,بعد از یک سال استفاده میگم در خریدش شک نکنید,پیشنهاد می‌کنم
332,برای استفاده شخصیه و بدرد اتاق خواب برای خنک کردن یک نفر خوبه,پیشنهاد می‌کنم
333,یکسال از گارانتی گذشته,پیشنهاد نمی‌کنم
334,برای من خوبه کارم راه میندازه,پیشنهاد می‌کنم
335,خوب,پیشنهاد می‌کنم
336,راضی هستم,پیشنهاد می‌کنم
337,عدم ارسال بسته,پیشنهاد نمی‌کنم
338,واقعا پیشنهاد میکنم,پیشنهاد می‌کنم
339,بسته بندی بسیار بده فروشنده ترک دار بودن کالا وبسیار دیر رسیدن کالا اصلا پیشنهاد نمیکنم ازاین فروشنده نخرید,پیشنهاد نمی‌کنم
340,بسیار عالی و بی صدا,پیشنهاد می‌کنم
341,یک روز خریدم و فعلا راضی ام,پیشنهاد می‌کنم
342,پنکه رومیزی,پیشنهاد می‌کنم
343,خوبه همه چیش,پیشنهاد می‌کنم
344,پنکه قوی و خوبی است .3درجه تنظیم دارد . کارایی خوبی دارد,پیشنهاد می‌کنم
345,بسیار عالی.,پیشنهاد می‌کنم
346,نسبت به قیمت خوب است.,پیشنهاد می‌کنم
347,در‌حد قیمت بدک نیست,پیشنهاد می‌کنم
348,.,پرتاب باد عالی
349,تحویل آسان,پیشنهاد می‌کنم
350,دو هفته پیش مبلغ پرداخت شده برای ۲ عدد پنکه یک عدد آوردن و تحویل دادن و اون یکی دو هفته هست بلاتکلیفه و هر چی پیگیری می کنم هیچ فایده ای نداره. از دی جی کالا بعید بود👎,پیشنهاد نمی‌کنم
351,خوبه,پیشنهاد می‌کنم
352,عالیی,پیشنهاد می‌کنم
353,پنکه,پیشنهاد می‌کنم
354,به نسبت قیمت محصولی قابل قبول,پیشنهاد می‌کنم
355,خرید دوم,پیشنهاد می‌کنم
356,عالی احسنت به تولید کننده ایرانی ،خداروشکر این سایزش برای اتاق مناسبه,پیشنهاد می‌کنم
357,واقعا کارا,پیشنهاد می‌کنم
358,کارایی خوب,پیشنهاد می‌کنم
359,پنکه رو میزی شیک,پیشنهاد می‌کنم
360,برای دفتر کار روی میز خیلی خوب و عالیه👌👌,پیشنهاد می‌کنم
361,خیلی خوب بود.,پیشنهاد می‌کنم
362,پنکه رومیزی دمنده,پیشنهاد می‌کنم
363,عالی,پیشنهاد می‌کنم
364,خوبه بد نیست,پیشنهاد می‌کنم
365,همونی بود که میخواستم,پیشنهاد می‌کنم
366,برای محیط ها کوچک خوب و با بازدهی مناسب,پیشنهاد می‌کنم
367,عالی,پیشنهاد می‌کنم
368,عالی عالی عالی,پیشنهاد می‌کنم
369,عالی و خنک کننده,پیشنهاد می‌کنم
370,خوبه,مطمئن نیستم
371,کوچک اما کاربردی,پیشنهاد می‌کنم
372,خوبه,پیشنهاد می‌کنم
373,پنکه دمنده,پیشنهاد می‌کنم
374,نسبت به قیمتش عالیه ،پرتاب باد خوبی داره و صداش کمه,پیشنهاد می‌کنم
375,پرتاب باد متوسطی دارد,مطمئن نیستم
376,کار راه اندازه. یکم سروصداش بالاست.,پیشنهاد می‌کنم
377,خوبه,پیشنهاد می‌کنم
378,کارآیی مورد نظرم داره,پیشنهاد می‌کنم
379,خوب,پیشنهاد می‌کنم
380,مناسب محیط کوچک,پیشنهاد می‌کنم
381,مناسب توی بازه قیمتی خودش,پیشنهاد می‌کنم
382,پرتاب باد خوب و پر قدرت و زیباست,پیشنهاد می‌کنم
383,من برای سرکار خریدم‌ روی میر میزارم بادش خوبه,پیشنهاد می‌کنم
384,سایزش کمی بزرگه ولی پرتاب باد خوبی داره و بر خلاف کامنت های دیگران خیلی صدای زیادی نداره,پیشنهاد می‌کنم
385,مطابق توضیحات عملکرد خوب,پیشنهاد می‌کنم
386,خوب بود,پیشنهاد می‌کنم
387,ممنون از عوامل برنامه,پیشنهاد می‌کنم
388,برای اتاق های کوچیک مناسبه,پیشنهاد می‌کنم
389,برای میزکار گرفتم ، عالی بود,پیشنهاد می‌کنم
390,سازنده با هوش ،درجه از زیاد به کم برای طول عمر دستگاهه,پیشنهاد می‌کنم
391,نیاز,پیشنهاد می‌کنم
392,برای اونهایی که فاصله نزدیک میتونن باشن مثلا کارهای رو میزی مغازه و... بهتره تهیه اش کنن. وگرنه فاصله بیشتر شه بادی به سمت شما نمیاد.,پیشنهاد می‌کنم
393,درجه پنکه مشکل داشت. درجه 2 ضعیف بود یا متوسط و درجه 1 و 3 هم تندتر. اصلا مشخص نبود کدوم ضعیفه کدوم متوسط و کدوم حالت زیاد. مرجوع کردم,مطمئن نیستم
394,خیلی عالی,پیشنهاد می‌کنم
395,پنکه کم جا و سبک,پیشنهاد می‌کنم
396,خوبه,پیشنهاد می‌کنم
397,خیلی سبکِ و جابجاییش راحته،پرتاب بادش برای فاصله دو متر و نیم عالیه،برای مسافرتی که با خودروشخصی بری هم خیلی خوبه,پیشنهاد می‌کنم
398,خیلی خوبه,پیشنهاد می‌کنم
399,کاربردی,پیشنهاد می‌کنم
400,خوبه برای یک نفر,پیشنهاد می‌کنم
401,خوبه و پیشنهادش میکنم,پیشنهاد می‌کنم
402,عالی بود,پیشنهاد می‌کنم
403,مقرون به صرفه,پیشنهاد می‌کنم
404,پنکه رو میزی,مطمئن نیستم
405,طبق نظر بقیه گرفتم در حال حاضر نظری ندارم,مطمئن نیستم
406,دور آرام خیلی کم میلرزه اما دور تندش قطع میشه,پیشنهاد می‌کنم
407,مناسب براي خنك كردن يك نفر روي ميز كار,پیشنهاد می‌کنم
408,عالی است,پیشنهاد می‌کنم
409,برای میز کار عالیه,پیشنهاد می‌کنم
410,خیلی خوب فقط دکمه کم روی 3 تنظیم شده نه یک,پیشنهاد می‌کنم
411,خوبه,پیشنهاد می‌کنم
412,خیلی خوبه,پیشنهاد می‌کنم
413,پیشنهاد می شود,پیشنهاد می‌کنم
414,کاربردی,پیشنهاد می‌کنم
415,ارزش خریدنشو داره,پیشنهاد می‌کنم
416,بسته بندی نامناسب و ترک قاب پشت فن,پیشنهاد نمی‌کنم
417,پیشنهادخرید,پیشنهاد می‌کنم
418,برای فضای کوچک مثل اتاق خواب جوابه,پیشنهاد می‌کنم
419,خوبه,پیشنهاد می‌کنم
420,پنکه,پیشنهاد می‌کنم
421,عالی,پیشنهاد می‌کنم
422,خیلی خوبه و برای اطاق خواب کاملا مناسب و بسیار کم صدا برای چرخش باد کولر در اطاق خواب خیلی خوبه و سبک و کمجاگیر من یه دونه خریدم دیدم کاملا با سلیقه و کار من جور در میاد بلافاصله ۳تا دیگه خریدم هم آشپزخانه هم اطاق خواب دیگه هم برای مادرم همگی کاملا راضی قیمت به بیرون یه کم بالاتره ولی چون ضمانت برگشت داره ولی مغازه دار ضمانت نمیکنه و اگه بزنیم برق مشکلی داشته باشه مرجوع نمیکنن به نظرم خرید از دیجیکالا کاملا منصفانه و منطقی تر هست,پیشنهاد می‌کنم
423,بسیار عالی,پیشنهاد می‌کنم
424,کارایی خوب,پیشنهاد می‌کنم
425,فن,پیشنهاد می‌کنم
426,خرابی,پیشنهاد نمی‌کنم
427,خیلی عالی بود,پیشنهاد می‌کنم
428,پنکه امروز بدستم رسید ظاهر وکارکردش عالیه.,پیشنهاد می‌کنم
429,از یک هفته پیش که به دستم رسید هر روز ازش استفاده میکنم و خیلی راضیم و اینکه چون ساخت ایرانه، حمایت از کالای ایرانی هم هست.,پیشنهاد می‌کنم
430,من به شدت گرمایی هستم و این پنکه رو برای زمانیکه بقیه افراد خانواده کولر رو خاموش میکنن، بخصوص شب ها، تهیه کردم. علی رغم همه نظرات مثبتی که درمورد این پنکه ثبت شده بود، من همچنان تردید داشتم که آیا این پنکه میتونه جوابگو باشه برای من؟ این پنکه دیروز به دستم رسید و دیشب تا صبح (حدودا ۹ ساعت) روی حالت کند روشن بود و فضای اتاقم رو کاملا خنک کرده بود و دقیقا همون چیزی بود که میخواستم و لازمش داشتم. صبح هم به محض خاموش کردنش دمای دستگاه رو چک کردم و اصلا داغ نشده بود و مشکلی ندا ...,پیشنهاد می‌کنم
431,این پنکه رومیزی یا ثابت صدا نداره اصلا ، درجه زیادش که بر عکس 1 هست رو پیچ ولومی در حد درجه ی 2 پنکه های 60 وات هست هیچ لزرش و صدای بدی نداره. اگر چرخشی بودن پنکه مهم نیست براتون و یک پنکه مینی مال کار راه انداز میخوایین بنظرم بهترین گزینه است براتون. ارزش بالا در برابر قیمت داره . این تجربه ی من هست انشاالله راضی باشین شما هم,پیشنهاد می‌کنم
432,عالی بود,پیشنهاد می‌کنم
433,خیلی کاربردی بود,پیشنهاد می‌کنم
434,میزان هوادهی مناسب داره و بسیار کم صداست,پیشنهاد می‌کنم
435,من تا حالا سه تا خریدم برل خودم و اطرافیام واقعا عالیه,پیشنهاد می‌کنم
436,خیلی عالیه برای روی میز,پیشنهاد می‌کنم
437,پنکه رومیزی,پیشنهاد می‌کنم
438,كيفيت عالي,پیشنهاد می‌کنم
439,پنکه رومیزی دمنده مدل Haleh,پیشنهاد می‌کنم
440,جنس آشغال,پیشنهاد نمی‌کنم
441,پنکه رومیزی,پیشنهاد می‌کنم
442,حدود دو ماهه داره کار میکنه برام، صداش خوبه و اذیت‌کننده‌ نیست. بادشم واقعا قوی و خوبه، تو فاصله یه متری با حداقل باد قشنگ خنک میشید جوری که من که رو میز میذارم تا حالا از درجه‌های قوی‌ترش استفاده نکردم.,پیشنهاد می‌کنم
443,پنکه رومیزی,پیشنهاد می‌کنم
444,پنکه,پیشنهاد می‌کنم
445,شدت باد مناسب و سبک وشیک وقشنگه پارسال سایز متوسط گرفتم خیلی راضی هستم,پیشنهاد می‌کنم
446,پنکه,مطمئن نیستم
447,خوب بود من راضی هستم,پیشنهاد می‌کنم
448,پنکه دمنده,پیشنهاد می‌کنم
449,بیشتر برای استفاده در مغازه به کار میاد تا خونه,پیشنهاد می‌کنم
450,عالیییییییییییی,پیشنهاد می‌کنم
451,خیلی خوب و خیلی کم صدا. اونایی که میگن سیمش اشتباه وصله اشتباه میکنن به نظرم این کارو مخصوصا انجام دادن که وقتی پنکه رو روشن میکنیم با دور تند روشن بشه تا فشار کمتری به موتورش بیاد برای شروع دور گرفتنش. 1 تندشه، 2 متوسط، 3 کند,پیشنهاد می‌کنم
452,عالی,پیشنهاد می‌کنم
453,اطلاعی ندارم,مطمئن نیستم
454,واضیم خوبه,پیشنهاد می‌کنم
455,عالیی,پیشنهاد می‌کنم
456,پیشنهاد میکنم,پیشنهاد می‌کنم
457,واقعه راضی کننده،باد خنکی داشت، و بی صدا,پیشنهاد می‌کنم
458,پنکه,پیشنهاد می‌کنم
459,چون با پست به دستم رسید کمی دیرشد و بعد از تماس با ۱۹۳ فرداش به دستم رسوندن، فلفل نبین چه ریزه خیلی دمندگیش خوبه و قیمت مناسبی هم داره.مثل پنکه های ۶ملیونی کار میکنه ممنونم از دیجی کالا,پیشنهاد می‌کنم
460,پنکه,پیشنهاد می‌کنم
461,عالیه,پیشنهاد می‌کنم
462,از خرید این کالا راضی هستم,پیشنهاد می‌کنم
463,عالیه,پیشنهاد می‌کنم
464,ارزش خرید داره,پیشنهاد می‌کنم
465,باد خوبی داره,پیشنهاد می‌کنم
466,راضیم,پیشنهاد می‌کنم
467,عالی,پیشنهاد می‌کنم
468,عالی و کاربردی,پیشنهاد می‌کنم
469,عالی,پیشنهاد می‌کنم
470,خوب,پیشنهاد می‌کنم
471,عالی,پیشنهاد می‌کنم
472,خوب اما با یک مشکل,پیشنهاد می‌کنم
473,خوبه ولی یکم صداش زیاده,پیشنهاد می‌کنم
474,خوب بود,پیشنهاد می‌کنم
475,برای محل کارم گرفتم عالیه,پیشنهاد می‌کنم
476,عالی,پیشنهاد می‌کنم
477,گارانتی,پیشنهاد نمی‌کنم
478,باید موقع خرید با توجه به نیازتون سایز پنکه رو انتخاب کنید چیز خوبیه برای روی میز,پیشنهاد می‌کنم
479,فعلا کولر گازی نمیخوام!,پیشنهاد می‌کنم
480,عااالی بود و مهم تر از همه صدا نداره,پیشنهاد می‌کنم
481,پنکه رومیزی,پیشنهاد می‌کنم
482,محصول خوبه اما ارسال دیجی کالا خیلی خیلی اذیت کننده اس,پیشنهاد می‌کنم
483,خوبه,پیشنهاد می‌کنم
484,عالی,پیشنهاد می‌کنم
485,بعد از سه ماه استفاده سوخت!,پیشنهاد نمی‌کنم
486,پنکه دمنده,پیشنهاد می‌کنم
487,بنظرم کاربردیه,پیشنهاد می‌کنم
488,پرتاب بادش خوبه برای جاهای کوچیک,پیشنهاد می‌کنم
489,الان برای نظردادن زوده، ولی عیبش اینه که اولین درجه اش تنده و درجات بعدی کند است. یعنی درجاتش برعکسه,مطمئن نیستم
490,پنکه رومیزی,پیشنهاد می‌کنم
491,کنار کولر آبی عالیه,پیشنهاد می‌کنم
492,عالی بود,پیشنهاد می‌کنم
493,من برای محل کار گرفتم که خیلی راضیم هم شیکه هم سبک و کارآمد,پیشنهاد می‌کنم
494,کلی تاخیر دارید بعدهم کالا خراب تحویل می دید,پیشنهاد نمی‌کنم
495,خوبه کاش چرخشی بود ظریف و کوچولو ولی گرون,پیشنهاد می‌کنم
496,پنکه رو میزی,پیشنهاد می‌کنم
497,یه دکمه گذاشتن زدش ده بار خاموش روشنش کنی فاتحه دکمه خوندس صداشم که نگم تراکتوره انگار برای طول روز بد نیست برای شب کلا نمیشه استفادش کرد,مطمئن نیستم
498,فقط در حالت تندش بادش تا ۱/۵ متر خوبه که به موتورش فشار میاره دو حالت دیگش خیلی ضعیفه صداش زیاده,پیشنهاد نمی‌کنم
499,عاااالی,پیشنهاد می‌کنم
500,پنکه رومیزی دمنده,پیشنهاد می‌کنم
501,پنکه Haleh,پیشنهاد می‌کنم
502,درکل خوبه ولی ای کاش قیمتش نهایتا چهارصد بود بنظرم گران هست .,پیشنهاد می‌کنم
503,عالی,پیشنهاد می‌کنم
504,عالی,پیشنهاد می‌کنم
505,خوبه ولی میتونست ارزونتر باشه,پیشنهاد می‌کنم
506,خیلی خوب بود.راضی بودم یکسال دارم استفاده میکنم برای اتاق ۱۲متری جواب میده,پیشنهاد می‌کنم
507,خوب,پیشنهاد می‌کنم
508,خوب بود,پیشنهاد می‌کنم
509,عالیه,پیشنهاد می‌کنم
510,فوق العاده بی صدا,پیشنهاد می‌کنم
511,برای اتاق کوچیک پیشنهاد میکنم دمنده همه محصولاتش خوبه و قابل قبول,پیشنهاد می‌کنم
512,خوبه,پیشنهاد می‌کنم
513,پهنای باد نداره باد با ابعاد پرهای پنکه مستقیم در فضای کوچک تا سه متر خوبه,پیشنهاد می‌کنم
514,کیفیت و کارایی خیلی خوبه البته واسه اتاق یا محل کار، امیدوارم قیمتش روز به روز افزایش پیدا نکنه,پیشنهاد می‌کنم
515,خوبه برای تغییر هوامحیط کوچیک,پیشنهاد می‌کنم
516,پنکه,پیشنهاد می‌کنم
517,کار راه انداز,مصرف کم
518,پنکه رومیزی عالی . از دیجی کالا متشکرم,پیشنهاد می‌کنم
519,برای محیط کوچک خوبه,پیشنهاد می‌کنم
520,عالی عالی,پیشنهاد می‌کنم
521,بسیار خوب.,پیشنهاد می‌کنم
522,خوبه,پیشنهاد می‌کنم
523,کار راندازه و برا اتاق خوبه,پیشنهاد می‌کنم
524,کوچک و قابل حمل مناسب اتاق کوچک,پیشنهاد می‌کنم
525,کوچولو و مفید,پیشنهاد می‌کنم
526,خوب,پیشنهاد می‌کنم
527,عالی,پیشنهاد می‌کنم
528,وسیله ای کاربردی. سالم بدستم رسید.,پیشنهاد می‌کنم
529,رضا خزانه داری,پیشنهاد می‌کنم
530,کارآمد و خوب بهتر از نبودنشه,پیشنهاد می‌کنم
531,کالای ایرانی با کیفیت,مطمئن نیستم
532,خوبه راضی ام,پیشنهاد می‌کنم
533,به نظرم خوبه با این قیمت,پیشنهاد می‌کنم
534,من از این پنکه خیلی رازی هستم,دور یک از همه بهتر هستش
535,کاربردی,پیشنهاد می‌کنم
536,کیفیت خوبی داره به این زودیا خراب نمیشه یکیش پارسال سفارش دادم به خوبی کار میکنه یکی هم جدیدا سفارش دادم ولی تو سری جدید یکم صداش زیاده اما قبلیه دور کندش تقریبا بدون صدا بود.,پیشنهاد می‌کنم
537,عالی,پیشنهاد می‌کنم
538,خیلی عالی پیشنهاد میکنم,پیشنهاد می‌کنم
539,خوبه ولی دکمه کم و زیاد اصلا پسندم نیست,پیشنهاد می‌کنم
540,طول عمر زیاد,پیشنهاد می‌کنم
541,خوبه باهاش مشکلی ندارم,پیشنهاد می‌کنم
542,اندازه خوب,پیشنهاد می‌کنم
543,خوب بود,پیشنهاد می‌کنم
544,به معنای واقعی عالی,پیشنهاد می‌کنم
545,خیلی خوبه، سه تا حالت تنظیم سرعت باد هم داره,پیشنهاد می‌کنم
546,نسبت به قیمت و کارکرد به صرفه هست و برای یک اتاق ۱۲ متری کافی میباشد .,پیشنهاد می‌کنم
547,به نسبت قیمت عالیه,پیشنهاد می‌کنم
548,خیلی خوبه قیمتشم خوبه,پیشنهاد می‌کنم
549,پنکه رومیزی دمنده,پیشنهاد می‌کنم
550,عالی و کم صدا,پیشنهاد می‌کنم
551,عالیه,پیشنهاد می‌کنم
552,بیست,پیشنهاد می‌کنم
553,حرف نداره,پیشنهاد می‌کنم
554,عالی,پیشنهاد می‌کنم
555,پنکه,پیشنهاد می‌کنم
556,عالی,پیشنهاد می‌کنم
557,خوب بود,پیشنهاد می‌کنم
558,عالی بود! فقط درجه بندی‌اش برعکس بود,پیشنهاد می‌کنم
559,محصول خوبی هست,پیشنهاد می‌کنم
560,پنکه,پیشنهاد می‌کنم
561,عالی,پیشنهاد می‌کنم
562,خیلی عالیه،ولی یهو گرون شد,پیشنهاد می‌کنم
563,دیدگاه من مثبت هست,پیشنهاد می‌کنم
564,خوب,پیشنهاد می‌کنم
565,یه ساله خریدم،هنوزم کار میکنه,پیشنهاد می‌کنم
566,خوبه ولی اگه دورش بیشتر بود، بهتر میشد,پیشنهاد می‌کنم
567,کاربردی و قابل حمل,پیشنهاد می‌کنم
568,خوب هست عالی,پیشنهاد می‌کنم
569,خیلی خوبه . جمع و جور و با طراحی خوب,پیشنهاد می‌کنم
570,از کیفیت پنکه راضی ام,پیشنهاد می‌کنم
571,عالی و با دوام,پیشنهاد می‌کنم
572,خوبه,پیشنهاد می‌کنم
573,پنکه دمنده,پیشنهاد می‌کنم
574,جالب,پیشنهاد می‌کنم
575,پنکه بی دقت,پیشنهاد نمی‌کنم
576,خیلی خوبه بادش,پیشنهاد می‌کنم
577,بسیار عالی- برای اتاق خواب گرفتیم تقریبا کم صداست و صداش آزار نمیده و میشه با صداش خوابید. پرتاب باد خوبی داره و تهویه اتاق رو خوب میکنه,پیشنهاد می‌کنم
578,خوب بود. من به عنوان کولپد کامپیوتر استفاده میکنم.,پیشنهاد می‌کنم
579,پنکه رو میزی دمنده,پیشنهاد می‌کنم
580,خوبه,پیشنهاد می‌کنم
581,فعلا که خوبه،موقع لستفاده بوی سوختگی اینا هم نداره,کوچک
582,خیلی عالیه برای میز کار یا اتاق,پیشنهاد می‌کنم
583,پنکه رو میزی,پیشنهاد می‌کنم
584,پنکه,پیشنهاد می‌کنم
585,پنکه رو میزی,پیشنهاد می‌کنم
586,خوب,پیشنهاد می‌کنم
587,عالی بود,پیشنهاد می‌کنم
588,دگمش بدعکسه,پیشنهاد می‌کنم
589,عالی,پیشنهاد می‌کنم
590,جذاب و کاربردیه,پیشنهاد می‌کنم
591,پایه اش شکستگی باز داشت که خودم درست کردم,پیشنهاد می‌کنم
592,من راضی بودم ، برای یک نفر خیلی خوب و کافی هست . ۲ سال‌ میشه دارمش,پیشنهاد می‌کنم
593,نسبت به قیمتش خوبه,پیشنهاد می‌کنم
594,دو ساله دارم استفاده میکنم ، خوبه و نسبت به قیمتش کیفیت خوبی داره,پیشنهاد می‌کنم
595,عالیه,پیشنهاد می‌کنم
596,کیفیت بدنه خوب نیست,پیشنهاد می‌کنم
597,خوبه فقط صداش زیاده,پیشنهاد می‌کنم
598,عالی,پیشنهاد می‌کنم
599,کیفیت,پیشنهاد می‌کنم
600,خوب,پیشنهاد می‌کنم
601,بنظر خوب میاد,پیشنهاد می‌کنم
602,هنوز استفاده نکردم نمی‌دونم فقط تست‌ک‌کردم دکمه کمش زیاد بود قسمت زیادش کم,پیشنهاد می‌کنم
603,هم هواکش هم پنکه,پیشنهاد می‌کنم
604,خوبه,پیشنهاد می‌کنم
605,ارزش خرید دارد,پیشنهاد می‌کنم
606,زیاد راضی نیستم,پیشنهاد می‌کنم
607,کارایی خوب. مصرف کم. پیشنهاد میشه,پیشنهاد می‌کنم
608,خیلی خوب بود,پیشنهاد می‌کنم
609,میارزه,پیشنهاد می‌کنم
610,خیلی خوب بود,پیشنهاد می‌کنم
611,خیلی کوچیک هست ولی واقعا پرقدرت وخیلی خوب خنک میکنه,پیشنهاد می‌کنم
612,پنکه کوچک ، سبک ، کم صدا و پر بازده,صدای کم
613,برای فضا تا ۱۰ متر خوبه,پیشنهاد می‌کنم
614,پنکه رومیزی دمنده,پیشنهاد می‌کنم
615,خوب و کارامد هر,پیشنهاد می‌کنم
616,حمایت کنید از تولید داخل,پیشنهاد می‌کنم
617,یک پنکه حدودا بیست در بیست ایستاده با باد مناسب برای مریضم روی تخت بیمارستان گرفتم راضی بود. با برق شهری کار می‌کنه.,پیشنهاد می‌کنم
618,کیفیت بالا,پیشنهاد می‌کنم
619,خیلی خوبه فقط بسته بندیش موقع دریافت باز بود.,پیشنهاد می‌کنم
620,عالی,پیشنهاد می‌کنم
621,خیلی خوبه، موتورش اصلا داغ نمی کنه، کوچیک و جمع جوره، حتی تو مسافرتم می تونی ببری با خودت چون جایی نمی گیره، همین که طراحی شده با دور تند شروع به کار کنه معلومه فکر پشتش بود، یه عده الکی ایراد می گیره دکمه ها برعکسه، در صورتی که بهترین طراحیه,پیشنهاد می‌کنم
622,طراحی زیبا و عملکرد خوبی داره راضیم از خریدم,پیشنهاد می‌کنم
623,باددهی مناسب,پیشنهاد می‌کنم
624,پنکه,پیشنهاد می‌کنم
625,راضی ام,پیشنهاد می‌کنم
626,ضعیف,پیشنهاد نمی‌کنم
627,پنکه رومیزی,پیشنهاد می‌کنم
628,کارایی خوبی داره,پیشنهاد می‌کنم
629,دمنده,پیشنهاد می‌کنم
630,پرقدرت,پیشنهاد می‌کنم
631,کم صدا مناسب روزی میز,پیشنهاد می‌کنم
632,من برای خوابگاه دانشجویی گرفتم و کتار تختم گذاشتم خیلی خوبه,پیشنهاد می‌کنم
633,عالیه,پیشنهاد می‌کنم
634,وسیله ای مناسب,پیشنهاد می‌کنم
635,عالی,پیشنهاد می‌کنم
636,جنس ایرانی کیفیت بالا قوی و با کیفیت عمری,پیشنهاد می‌کنم
637,پنکه رومیزی دمنده سایز ۲۰,پیشنهاد می‌کنم
638,راضیم,پیشنهاد می‌کنم
639,پنکه,پیشنهاد می‌کنم
640,خوبه بنظرم.,پیشنهاد می‌کنم
641,عالی,پیشنهاد می‌کنم
642,عالی,پیشنهاد می‌کنم
643,عالی بود,پیشنهاد می‌کنم
644,پیشنهاد میشه 👍,پیشنهاد می‌کنم
645,خوب هر محصولی کاربردی داره اگر باد ثابت دوست داریید عالیه من برای پسرم خریدم چون با کامپیوتر خیلی کار داره روی میز خیلی کم جا هست,پیشنهاد می‌کنم
646,این سومین باره این پنکه رو میخرم اپل واسه خودم بعد خواهرم و مادرم بنظرم فوق العاده کاربردی است من تو آشپزخونه برای خشک کردن سبزی و میوه استفاده میکنم مال خودم الان سه سال هستش و خیلی برام مفید و کار آه انداز بوده,پیشنهاد می‌کنم
647,پنکه رومیزی دمنده مدل HALEH,پیشنهاد می‌کنم
648,ساده و کاربردی,پیشنهاد می‌کنم
649,پیشنهاد خرید برای اتاق خواب* و رو میزی مناسب*,پیشنهاد می‌کنم
650,کامپکت,پیشنهاد می‌کنم
651,پنکه رومیزی,پیشنهاد می‌کنم
652,خوبه. من گذاشتمش تو تراس,پیشنهاد می‌کنم
653,برای اتاق خواب میخواستم.خیلی خوبه مسافرت هم میشه برد ولی برای فضاهای بزرگتر جواب نمیده,پیشنهاد می‌کنم
654,خوب و خنک میکنه اتاق کوچیک برای محیط کوچک مناسب کارتن بسته پاره بود,پیشنهاد می‌کنم
655,گاهی خودش قطع میکنه,مطمئن نیستم
656,خیلی خیلی عالیه😍,پیشنهاد می‌کنم
657,پنکه,پیشنهاد می‌کنم
658,قیمتش بالاست کلا فروشنده ها در دیجی کالا با قیمت های بالاتری از بازار محصولاتشون رو میفروشن,پیشنهاد می‌کنم
659,خوبه,پیشنهاد می‌کنم
660,بسته بندی افتضاح,مطمئن نیستم
661,بسیار عالی,پیشنهاد می‌کنم
662,من کل فن های خنک کننده موبایل رو دور زدم با این محصول,پیشنهاد می‌کنم
663,عالی بود,پیشنهاد می‌کنم
664,خوبه به نظرم,مطمئن نیستم
665,پنکه,پیشنهاد می‌کنم
666,عالییی,پیشنهاد می‌کنم
667,به نظرم برای دم دستی خوبه,پیشنهاد می‌کنم
668,قدرت خوبی نسبت به اندازش داره اگه گرونشش نکنن خوبه,پیشنهاد می‌کنم
669,نسبت به قیمتش خوبه,پیشنهاد می‌کنم
670,پنکه,پیشنهاد می‌کنم
671,عالی بود,پیشنهاد می‌کنم
672,پنکه کوچیک و بصرفه برای مکانهای کوچک,پیشنهاد می‌کنم
673,محصول تک بازار,پیشنهاد می‌کنم
674,باد خوبی داره,پیشنهاد می‌کنم
675,کیفیت خوب,پیشنهاد می‌کنم
676,خوب,پیشنهاد می‌کنم
677,خوب بود,پیشنهاد می‌کنم
678,با توصیه همکارام خریدم قبلا داشتن راضی بودن,پیشنهاد می‌کنم
679,به نظر من خوبه . امیدوارم توی دراز مدت پشیمون نشم,پیشنهاد می‌کنم
680,دمنده خوبه,پیشنهاد می‌کنم
681,کاربردی,پیشنهاد می‌کنم
682,در مورد پنکه رومیزی دمنده مدل Haleh,پیشنهاد می‌کنم
683,بامزه بود خوشم اومد فقط ای کاش دووم بیاره هنوز نمیدونم تو گرما چطوره,پیشنهاد می‌کنم
684,عالی,پیشنهاد می‌کنم
685,خیلی خوبه پیشنهاد میشه,پیشنهاد می‌کنم
686,خوب بود از همه لحاظ,پیشنهاد می‌کنم
687,پیشنهاد میکنم,پیشنهاد می‌کنم
688,گارانتی گذشته و مشکل فنی در دستگاه,پیشنهاد نمی‌کنم
689,پرتاپ باد خوبی داره و حتی در کمترین درجه باد خنک کننده ای داره,پیشنهاد می‌کنم
690,تو کامنت خوندم صداش تو دور تند زیاده و دو دل شدم ولی صدایی که میاد صدای باده نه دستگاه نمیدونم چجور نظر میدن و بقیه رو به شک میندازن و دکمه دور تندش برعکسه,پیشنهاد می‌کنم
691,از عکس بزرگتر و باکیفیت تر بود سه درجه واسه تنظیم باد داره که خیلی خوبه و نسبت به قیمت کاملا مناسبه,پیشنهاد می‌کنم
692,پنکه خوبیه توصیه میکنم,پیشنهاد می‌کنم
693,عالی,پیشنهاد می‌کنم
694,عالی کاش میشد مثل قدیما همه چیز رو از خود دیج کالا خرید مستقیم تاریخ تولید مال من 5/1402بود داره هنوز10 ماه گارانتی,پیشنهاد می‌کنم
695,بی نظیر,پیشنهاد می‌کنم
696,پرتاب باد خوبی داره,پیشنهاد می‌کنم
697,پرتاب باد قوی اقتصادی و کار راه انداز,پیشنهاد می‌کنم
698,عالی,پیشنهاد می‌کنم
699,خیلی عالی بود من از عملکردش راضی بودم,پیشنهاد می‌کنم
700,کیفیت خوبی داره فقط اگه پایه هاش یه پد ضد لغزش داشت صداش کمتر میشد تنها نقطه ضعفش همینه,پیشنهاد می‌کنم
701,خوب بود,پیشنهاد می‌کنم
702,فعلا راضیم,پیشنهاد می‌کنم
703,خوشم اومد نسبت به حجمش بادش خوبه و خنکه. پبشنهاد میکنم,پیشنهاد می‌کنم
704,خیلی خوبه,پیشنهاد می‌کنم
705,زیبا,پیشنهاد می‌کنم
706,پنکه رومیزی دمنده مدل Haleh,پیشنهاد می‌کنم
707,بدون نقص و طبق اطلاعات سایت,پیشنهاد می‌کنم
708,عالی,پیشنهاد می‌کنم
709,به نظر خوب میاد,پیشنهاد می‌کنم
710,معمولی,پیشنهاد می‌کنم
711,کم صدا وجمع وجور نسبتا خوبه راضی ام,پیشنهاد می‌کنم
712,پنکه هاله مدل ۲۰,پیشنهاد می‌کنم
713,عالی,پیشنهاد می‌کنم
714,عالیه,پیشنهاد می‌کنم
715,خوب,پیشنهاد می‌کنم
716,نسبت به قیمت مناسب,پیشنهاد می‌کنم
717,عالی از هر نظر,پیشنهاد می‌کنم
718,اگر تخفیف بیشتر باشه که خیلی خوبه,پیشنهاد می‌کنم
719,با جمال,پیشنهاد می‌کنم
720,خوب بود اما برای اتاق,پیشنهاد می‌کنم
721,خوبه,پیشنهاد می‌کنم
722,پنکه بسار عالیه بسیار کار راه اندازه پرداز آبشم عالیه,پیشنهاد می‌کنم
723,پنکه رومیزی,پیشنهاد می‌کنم
724,خیلی خیلی عالی هست,پیشنهاد می‌کنم
725,خوبه,پیشنهاد می‌کنم
726,عالی وبدون صدا,پیشنهاد می‌کنم
727,گران و کوچک,پیشنهاد نمی‌کنم
728,پنکه بی صدا وکار را اندازه,پیشنهاد می‌کنم
729,پنکه رومیزی,مطمئن نیستم
730,پنکه ای پر قدرت و اقتصادی,پیشنهاد می‌کنم
731,خوب,پیشنهاد می‌کنم
732,پرقدرت ، بیصدا ، کم مصرف,پیشنهاد می‌کنم
733,خوب بود,پیشنهاد می‌کنم
734,پنکه نسبت به قیمتش خوبه ولی از ارسال ناراضی ام,پیشنهاد می‌کنم
735,استفاده تک نفره,پیشنهاد می‌کنم
736,بسیار عالی و کاربردی,پیشنهاد می‌کنم
737,بسیار عالی,پیشنهاد می‌کنم
738,خوبه نصبت به قیمتش,پیشنهاد می‌کنم
739,خوبه,پیشنهاد می‌کنم
740,تند و کندش جابجاست,پیشنهاد می‌کنم
741,فن دمنده رومیزی,پیشنهاد می‌کنم
742,مناسب هست,پیشنهاد می‌کنم
743,عالی,پیشنهاد می‌کنم
744,خوب تنها ایرادش عدم چرخش پنکه و پایه ثابت بودن آن است.,پیشنهاد می‌کنم
745,بی نظیر,پیشنهاد می‌کنم
746,عالیه,پیشنهاد می‌کنم
747,مناسب,پیشنهاد می‌کنم
748,پرتاب یاد خوزی داره .و بی صدا.,پیشنهاد می‌کنم
749,تازه بدستم رسیده فعلاکه عالیه گذر زمان کاراییشو نشون میده امیدوارم که خوب باشه همیشه خوب کارکنه فقط درجه سرعتش فک میکنم برعکسه,پیشنهاد می‌کنم
750,خوبه,پیشنهاد می‌کنم
751,پنکه رو میزی,پیشنهاد می‌کنم
752,این پنکه شبانه روزی در ۹ ماه در حال کار کردنه ۳ بار هم از روی میز افتاده و هیچیش نشده با درجه ۳ که کم ترین سرعت اش صدای زیادی هم نداره,پیشنهاد می‌کنم
753,کاربردی,پیشنهاد می‌کنم
754,خوب,پیشنهاد می‌کنم
755,پنکه,پیشنهاد می‌کنم
756,بد نبود,مطمئن نیستم
757,عالی برای مواقعی که نمی خوای کولر بزنی,پیشنهاد می‌کنم
758,خوب بود,پیشنهاد می‌کنم
759,خیلی خوبه,پیشنهاد می‌کنم
760,پنکه بسیار بادوام,پیشنهاد می‌کنم
761,عالیه من برای سالن زیبایی گرفتم پرتاب بادش خوبه ممنون از دیجیکالا,پیشنهاد می‌کنم
762,عالی,پیشنهاد می‌کنم
763,وسیله ای ارزان اما به شدت کاربدی,پیشنهاد می‌کنم
764,عالیه. کاربردی. قیمتش هم خوبه,پیشنهاد می‌کنم
765,دمنده,پیشنهاد می‌کنم
766,پنکه رومیزی دمنده,پیشنهاد می‌کنم
767,حجم هوای قابل قبول,پیشنهاد می‌کنم
768,قطع کن خودکار داره زیادی داغ بشع موتورش خودش چند دقیقه استراحت میده و قطع می‌کنه جریان رو تا نسوزه گارانتی یک ساله داره و بسیار عالیه,پیشنهاد می‌کنم
769,نسبت به قیمت کار راه بندازه,پیشنهاد می‌کنم
770,یکساله دارمش عالیه,پیشنهاد می‌کنم
771,برای کاری که من لازم داشتم که گرداندن هوا تو فضای کوچک و خفه بود عالیه,پیشنهاد می‌کنم
772,عالیه.,پیشنهاد می‌کنم
773,خوب و کار راه اندازه,پیشنهاد می‌کنم
774,نسبت به قیمتش عالی,پیشنهاد می‌کنم
775,نسبت به مبلغش خوبه,پیشنهاد می‌کنم
776,پنکه رومیزی دمنده,پیشنهاد می‌کنم
777,عالی,پیشنهاد می‌کنم
778,بد نیست,مطمئن نیستم
779,مدتی است که دارم از این پنکه استفاده می کنم یکی از خرید هایی است که کاملا ازش راضیم کم صدا و علی رغم ظاهرش بسیار پر قدرت - ممنون از تولید کننده و دیجی کالا,پیشنهاد می‌کنم
780,کار راه بندازه,پیشنهاد می‌کنم
781,برای روی میز محل کار عالیه,پیشنهاد می‌کنم
782,راضی هستم,پیشنهاد می‌کنم
783,توصیه میکنم,پیشنهاد می‌کنم
784,برای فضای کوچیک‌مناسب است,پیشنهاد می‌کنم
785,پیشنهاد میکنم کارم رو راه انداخت تابستون کمتر گرما کشیدم,پیشنهاد می‌کنم
786,قیمت مناسب کیفیت خوب,پیشنهاد می‌کنم
787,بسته بندی ضعیف,مطمئن نیستم
788,پنکه,پیشنهاد می‌کنم
789,عالی و با کیفیت به نسبت پولی که میدید خوبه,پیشنهاد می‌کنم
790,عالی,پیشنهاد می‌کنم
791,واقعا عالیه در کتابخانه جا گذاشته بودم. تا ۱۲ ساعت روشن بود هیچی اش نشد .,پیشنهاد می‌کنم
792,رضایت از خرید,پیشنهاد می‌کنم
793,کاربردی,پیشنهاد می‌کنم
794,با ارزش,پیشنهاد می‌کنم
795,کار را انداز و سبک است,پیشنهاد می‌کنم
796,عاشقشم یکی دوسال پیش خریدم شب تا صبح روشن بود و هنوز مثل روز اولشه,پیشنهاد می‌کنم
797,برا اتاقم گرفتم عالیه روی دور کند به نظر من خیلی بهتره استفاده بشه,پیشنهاد می‌کنم
798,اقتصادی,پیشنهاد می‌کنم
799,ابعاد مناسب,پیشنهاد می‌کنم
800,پنکه رومیزی,پیشنهاد می‌کنم
801,پنکه,پیشنهاد می‌کنم
802,اندازه قیمتش می ارزه، اگه نمیخوایین خیلی هزینه کنین گزینه خوبیه.,پیشنهاد می‌کنم
803,پنکه خوبیه,پیشنهاد می‌کنم
804,بهترین خریدم,پیشنهاد می‌کنم
805,برای اتاق کوچک خوبه و سرد میکنه,پیشنهاد می‌کنم
806,پیشنهاد میکنم,پیشنهاد می‌کنم
807,خوبه نسبت به قیمت من ۵۰۰ گرفتم البته,پیشنهاد می‌کنم
808,راضی کننده بود,پیشنهاد می‌کنم
809,عالی,پیشنهاد می‌کنم
810,عالیه,پیشنهاد می‌کنم
811,افتضاح,پیشنهاد نمی‌کنم
812,خیلی پنکه جمع و جور و خوبیه,پیشنهاد می‌کنم
813,پنکه رو میزی,پیشنهاد می‌کنم
814,پرتاب باد خوبی داره,پیشنهاد می‌کنم
815,پنکه جمع و جور و با کیفیتی هست و واقعا کاربردی,پیشنهاد می‌کنم
816,کاربردی,پیشنهاد می‌کنم
817,تابستون کارم رو راه انداخت پرتاب باد مناسب صدای قابل قبول,پیشنهاد می‌کنم
818,پرتاب باد خوب,پیشنهاد می‌کنم
819,پنکه رومیزی,پیشنهاد می‌کنم
820,عالی,پیشنهاد می‌کنم
821,خیلی قیمتش بالا رفته اما کیفیت دمنده خوبه و سالها براتون کار میکنه امیدوارم جدیدا هم همینطور باشن,پیشنهاد می‌کنم
822,عالی,پیشنهاد می‌کنم
823,بسیار جمع و جور و باکیفیت,پیشنهاد می‌کنم
824,بد نیست,پیشنهاد می‌کنم
825,عالیه با قدرت باد خوب برا میز کار,پیشنهاد می‌کنم
826,عالی شک نکنید,پیشنهاد می‌کنم
827,برای کارکراتین استفاده میکنم راضیم,پیشنهاد می‌کنم
828,پنکه دمنده,پیشنهاد می‌کنم
829,عالی,پیشنهاد می‌کنم
830,واقعا خوب بود,پیشنهاد می‌کنم
831,خیلی خوب و کم مصرف,پیشنهاد می‌کنم
832,خوبه,مطمئن نیستم
833,عالی,پیشنهاد می‌کنم
834,عالیه,پیشنهاد می‌کنم
835,راضی بودم,پیشنهاد می‌کنم
836,راضی کننده,پیشنهاد می‌کنم
837,بسیار عالی و ارزش خرید بالا داره,پیشنهاد می‌کنم
838,کاملا کرایه ارسال غیر منصفانه هست و بیرحمانه,پیشنهاد نمی‌کنم
839,پنکه رو میزی,پیشنهاد می‌کنم
840,پنکه رومیزی دمنده,پیشنهاد می‌کنم
841,معرکه,پیشنهاد می‌کنم
842,عالیییی,پیشنهاد می‌کنم
843,بسیار عالی و کم صدا,پیشنهاد می‌کنم
844,اصلا تو عمرم چیز به این خوبه ندیدم من تو روز حداقل ۱۷ ساعت استفاده میکنم الان بعد یک سال یه اخ هم نگفته عالیه حتما بخرین ولی این محصول دو سایز متوسط و بزرگ دیگه هم داره به اینم توجه کنین فضاتون چقدره و پنکه متناسب با اون فضا رو بخرین,پیشنهاد می‌کنم
845,ازش راضیم,پیشنهاد می‌کنم
846,مناسب اتاق خواب یا دفتر کار,پیشنهاد می‌کنم
847,عالی,پیشنهاد می‌کنم
848,برای محیط کوچک مناسبه درکل بدنیست ارزش خریدداره,پیشنهاد می‌کنم
849,پنکه رومیزی,مطمئن نیستم
850,عالیی ولی مراقب باشید زمین نخوره که بعدن صدا میده,پیشنهاد می‌کنم
851,کیفیت و قدرت خوبی داره، سرعتش جابجاست...قیمت بالا,مطمئن نیستم
852,کیفیت خوب و مصرف کم,پیشنهاد می‌کنم
853,خوب به نسبت قیمت. سبکه و پرتاب باد خوبی داره. فقط روی سطح میز لیز می خوره و تو مدت زمان طولانی جابجا می شه.,پیشنهاد می‌کنم
854,دمنده دیگه نیاز به تعریف نداره,پیشنهاد می‌کنم
855,عالی.,پیشنهاد می‌کنم
856,پنکه رومیزی,پیشنهاد می‌کنم
857,خوب بود,پیشنهاد می‌کنم
858,صدای زیاد,مطمئن نیستم
859,با کیفیت و جنس خوب,پیشنهاد می‌کنم
860,واقعا راضی بودم خیلی کم جا و شیکه,پیشنهاد می‌کنم
861,این پنکه عالیه,پیشنهاد می‌کنم
862,خنک,پیشنهاد می‌کنم
863,کارآمد و کمک کننده.,پیشنهاد می‌کنم
864,کیفیت جالب نیست,مطمئن نیستم
865,پنکه رومیزی,پیشنهاد می‌کنم
866,جنس,مطمئن نیستم
867,روش اصلاح سرعت,پیشنهاد می‌کنم
868,عالی و کار راه انداز,پیشنهاد می‌کنم
869,کیفیت خوبی داره،قیمت محصول بالاست.,پیشنهاد می‌کنم
870,خیلی خوب بود,پیشنهاد می‌کنم
871,عالی,پیشنهاد می‌کنم
872,بسیار مفید و کاربردی با دوام بالا,پیشنهاد می‌کنم
873,شکستگی داشت عودت دادم,مطمئن نیستم
874,بادش خوبه,پیشنهاد می‌کنم
875,بینظیره,پیشنهاد می‌کنم
876,عالی,پیشنهاد می‌کنم
877,عالی,پیشنهاد می‌کنم
878,خیلی خوب و کاربردی بود,پیشنهاد می‌کنم
879,عالی,پیشنهاد می‌کنم
880,سلطان,پیشنهاد می‌کنم
881,پیشنهاد می کنم,پیشنهاد می‌کنم
882,خوب,پیشنهاد می‌کنم
883,به نظرم این پنکه کوچیک که جای زیادی نمیگیره برای هر خونه ای یا دفتر کار لازمه,پیشنهاد می‌کنم
884,عالی,پیشنهاد می‌کنم
885,بی صدا و مناسب برای روی میز کار,پیشنهاد می‌کنم
886,ارسال این کالا دقیق بود,پیشنهاد می‌کنم
887,خیلی خوبه دوتا سفارش دادم عالی,پیشنهاد می‌کنم
888,پنکه خوبیه,پیشنهاد می‌کنم
889,پنکه رومیزی دمنده,پیشنهاد می‌کنم
890,کوچولو وجمع وجور برای یک نفر عالیه,پیشنهاد می‌کنم
891,مرجوع کردم,مطمئن نیستم
892,کیفیت خوب و کاربردی,پیشنهاد می‌کنم
893,با کیفیت و کار راه انداز,پیشنهاد می‌کنم
894,پنکه دمنده,پیشنهاد می‌کنم
895,فن کار راه بنداز,پیشنهاد می‌کنم
896,با توجه به قیمت وقدرتش پرتاب باد خوبی داره,پیشنهاد می‌کنم
897,از خریدم راضیم,پیشنهاد می‌کنم
898,خیلی عالیه,پیشنهاد می‌کنم
899,فوق العاده,پیشنهاد می‌کنم
900,حرف نداره توصیه میکنم,پیشنهاد می‌کنم
901,کلیداش برعکسه,پیشنهاد نمی‌کنم
902,خیلی راضی کیفیت زندگیتون رو در گرما بالا میبره:),پیشنهاد می‌کنم
903,بسیار عالی,پیشنهاد می‌کنم
904,عالی,پیشنهاد می‌کنم
905,عالی,پیشنهاد می‌کنم
906,پنکه رومیزی دمنده مدل Haleh,پیشنهاد می‌کنم
907,خوب و در حالت یک قوی هست و دو حالت بعدی متوسط، در کل عالیه,پیشنهاد می‌کنم
908,خوبه فقط عجیبه درجه هاش از زیاد به کمه,پیشنهاد می‌کنم
909,حوبه ولي هوادهي اش كمه,پیشنهاد می‌کنم
910,پنکه رومیزی دمنده مدل هاله,پیشنهاد می‌کنم
911,عالی,پیشنهاد می‌کنم
912,پیشنهاد میکنم,پیشنهاد می‌کنم
913,کالای ایرانی باکیفیت,پیشنهاد می‌کنم
914,عالی و پرکاربرد,پیشنهاد می‌کنم
915,من مدل بزرگش سفارش دادم واقعا عالی هست یک ضربه گیرم زیرش نصب کردم(فوم..ابر...کلا یک چیز نرم زیر پایش نصب کنید مقداری صدا کمتر میشه) خلاصه مدل کوچکش گرفتم بزرگه تنها نقطه ضعف صدا زیاد حالت دور تندش هست این کوچکه صدا کم قدرت مناسب درکل خوبه,پیشنهاد می‌کنم
916,راضی بودم,پیشنهاد می‌کنم
917,کالای ایرانی,پیشنهاد می‌کنم
918,بسیار کاربردی,پیشنهاد می‌کنم
919,صدای گیرکردن پره در درجه بالا,مطمئن نیستم
920,برای میز کار مناسبه,پیشنهاد می‌کنم
921,خیلی کاربردی و با ظاهر متفاوت,پیشنهاد می‌کنم
922,خوبه ولی کوچیکه,پیشنهاد نمی‌کنم
923,خیلی خوب و کاربردی,پیشنهاد می‌کنم
924,قشنگ و کم جا,پیشنهاد می‌کنم
925,خوب نسبت به قیمت,پیشنهاد می‌کنم
926,روزای گرم و بی کولری می طلبه,پیشنهاد می‌کنم
927,بسیار خوب,پیشنهاد می‌کنم
928,شگسته بودن دستگاه,مطمئن نیستم
929,عالی,پیشنهاد می‌کنم
930,خوب,پیشنهاد می‌کنم
931,پنکه. ومیزی,پیشنهاد می‌کنم
932,مناسب میزکار,پیشنهاد می‌کنم
933,مثل همیشه محصولات همدم را بدون شک میشه سفارش داد.,پیشنهاد می‌کنم
934,پنکه,پیشنهاد می‌کنم
935,پنکه دمنده,پیشنهاد می‌کنم
936,خوب و عالی,پیشنهاد می‌کنم
937,عالی,پیشنهاد می‌کنم
938,نسبت به قدو اندازه ش پرتاب باد خوبی داره,پیشنهاد می‌کنم
939,پنکه خوب,پیشنهاد می‌کنم
940,یه پنکه معمولی برای محیط خیلی کوچک,مطمئن نیستم
941,عااالیه برای روی میز کار کوچک و راحت,پیشنهاد می‌کنم
942,عالی عالی همون چیزی که میخواستم,پیشنهاد می‌کنم
943,پنکه رومیزی,پیشنهاد می‌کنم
944,از کالا راضی بودم اما از بسته بندی اصلا!!!!,پیشنهاد می‌کنم
945,زیبا,پیشنهاد می‌کنم
946,برای یک نفر خوبه بعضی اوقات صدا میده که با یه ضربه قطع میشه! در کل راضی ام قابل حمله,پیشنهاد می‌کنم
947,من راضیم، کفیت خوبی دارد.,پیشنهاد می‌کنم
948,7,مطمئن نیستم
949,برای یک سال خوب عمر کرد,مطمئن نیستم
950,من دوتا خریدم یکیش خوب بود اون یکی نه,مطمئن نیستم
951,رضایت را جلب می کند.,پیشنهاد می‌کنم
952,کاربردی خوبه,پیشنهاد می‌کنم
953,اول ملت میگفتن این چیه,پیشنهاد می‌کنم
954,خوبه,پیشنهاد می‌کنم
955,خوبه,پیشنهاد می‌کنم
956,برای یک نفر عالیه و من راضی هستم.,پیشنهاد می‌کنم
957,پنکه رو میزی,پیشنهاد می‌کنم
958,خیلی خوب بود برا اتاق کوچیک مناسب بود,پیشنهاد می‌کنم
959,کم صدا وکیفیت خوبی داشت,پیشنهاد می‌کنم
960,پنکه خوب و در دور 1 و 2 نسبتاً بی صدا هست و در دور 3 کمی صدا افزایش پیدا میکنه که طبیعیه کلید افزایش دور موتور برعکس هست و از زیاد به کم شروع میشه و با اینکه همه اینو مطرح کردن تولید کننده یه زحمت بخ خودش نمیده اینو برطرف کنه و رضایت مشتری ها بیشتر بشه در کل خوبه و راضی هستیم ان شاءالله که عمر مفیدش خوب باشه,پیشنهاد می‌کنم
961,دقیقاً مطابق نظرات قبلی بسیار خوب است,پیشنهاد می‌کنم
962,از همه نظر عالیه,پیشنهاد می‌کنم
963,کیفیت خوبی داره,پیشنهاد می‌کنم
964,برای کسی خریدم.من که خوشم نیومد.نه بادش جالب بود نه کاراییش.اسباب بازیه بیشتر,مطمئن نیستم
965,پنکه رومیزی دمنده,پیشنهاد می‌کنم
966,عالییی,پیشنهاد می‌کنم
967,پنکه دمنده,مطمئن نیستم
968,عالی,پیشنهاد می‌کنم
969,خیلی خوبه بخرید,پیشنهاد می‌کنم
970,عالیه,پیشنهاد می‌کنم
971,خیلی رضایت دارم,پیشنهاد می‌کنم
972,پشنهاد خرید,پیشنهاد می‌کنم
973,عالیه,پیشنهاد می‌کنم
974,خوبه نظر خاصی ندارم,پیشنهاد می‌کنم
975,بد نیست خووبه,پیشنهاد می‌کنم
976,عالی,پیشنهاد می‌کنم
977,خیلی خوبه ممنون از دیجی کالا,پیشنهاد می‌کنم
978,عالی,پیشنهاد می‌کنم
979,خیلی راضی ام,پیشنهاد می‌کنم
980,خوب بود,پیشنهاد می‌کنم
981,با توجه به نظرات خریدم و واقعا راضی هستم,پیشنهاد می‌کنم
982,پنکه خوبی هست ،قشنگ اتاق خواب رو جواب میده.,پیشنهاد می‌کنم
983,پنکه,پیشنهاد می‌کنم
984,عالی,پیشنهاد می‌کنم
985,ازلحاظ کیفیت خوبه ولی بسته بندیش خیلی مزخرفه,پیشنهاد می‌کنم
986,عالی و بی صدا,پیشنهاد می‌کنم
987,خیلی خوب,پیشنهاد می‌کنم
988,خیلی خوبه,پیشنهاد می‌کنم
989,اندازه و باد دهی مناسبی داره,پیشنهاد می‌کنم
990,عالی,پیشنهاد می‌کنم
991,دوسش دارم,پیشنهاد می‌کنم
992,کیفیت مناسب,پیشنهاد می‌کنم
993,کارا,پیشنهاد می‌کنم
994,برا من عالی بود.,پیشنهاد می‌کنم
995,خوبه,پیشنهاد می‌کنم
996,بادش خوبه. سه سرعت داره که اشتباه تنظیم شده. کم جا میگیره و دو شاخه برق داره یو اس بی نداره.,پیشنهاد می‌کنم
997,پنکه رومیزی,پیشنهاد می‌کنم
998,من که راضی بودم,پیشنهاد می‌کنم
999,پنکه دمنده,پیشنهاد می‌کنم
1000,پنکه میزی,پیشنهاد می‌کنم
1001,عالی,پیشنهاد می‌کنم
1002,عالیه من راضی ام,پیشنهاد می‌کنم
1003,عالیه,پیشنهاد می‌کنم
1004,خوب بود,پیشنهاد می‌کنم
1005,پرتاب باد خوبی داره,پیشنهاد می‌کنم
1006,مناسب کارگاه,پیشنهاد می‌کنم
1007,روی دور کند هوادهی بسیار خوبی داره و صدای کم، ولی مشکلی که داره درجه تنظیم سرعت برعکسه از زیاد شروع میشه و به کم میرسه که نقص تولید چون تو جای دیگه دیدم درست بود,مطمئن نیستم
1008,عالی,پیشنهاد می‌کنم
1009,عالیه,پیشنهاد می‌کنم
1010,خوب بود,پیشنهاد می‌کنم
1011,خوب بود,پیشنهاد می‌کنم
1012,خوبه ، درست کار میکنه,پیشنهاد می‌کنم
1013,اگه قیمتش بالاتر نره ،خوبه وگرنه نمیرزه .اتوماتیک هم هست .یعنی اگه داغ بشه ،خاموش میشه و تا روشن شدن مجدد یکمی زمان میبره .از صبح تا شب و از شب تا صبح روشن هست ولی داغ نمیکنه .یه روز افتاده بود روی پتو و همینطور کار میکرد ،داغ شده بود و اتومات خاموش شده بود.,پیشنهاد می‌کنم
1014,با اینکه کوچیکه خوب خنک میکنه,پیشنهاد می‌کنم
1015,خوبه,پیشنهاد می‌کنم
1016,واقعا خنک و عالی,پیشنهاد می‌کنم
1017,پنکه,پیشنهاد می‌کنم
1018,پرتاب بادش عالیه تازه تحویل گرفتم. شانزده روز طول کشید که به دستم برسه، پول پستش هم گرون بود با وجود اینکه عضو دیجی پلاس بودم پست رایگان بهش تعلق نگرفت. جعبه اش هم پاره بود. ولی خنک کنندگی و‌پرتاب بادش عالیه,پیشنهاد می‌کنم
1019,عالیه,پیشنهاد می‌کنم
1020,نظر درباره پنکه رومیزی دمنده,پیشنهاد می‌کنم
1021,به نظرم وخوب وکارراه اندازه صدای فنش خوبه,پیشنهاد می‌کنم
1022,باید بگم که در مجموع پنکه خوبی هست فقط من دو مورد منفی رو لازم میدونم بگم که باعث شد من نمره کامل بهش ندم. اول اینکه دو بخش جلویی و عقبی پایه‌ها کمی اختلاف ارتفاع دارن که وقتی سرعت رو زیاد میکنم باعث میشه لق بزنه و صدا بده. دوم هم اینکه من چون یک محافظ برق حساس برای کامپوترم استفاده میکنم متوجه شدم که هنگام تغییر سرعت پنکه بر روی خط برق نوسان ایجاد میشه چون درست در همون لحظه باعث قطع محافظ و خاموش شدن کامپیوتر میشه. این مورد ٤-٥ دفعه اتفاق افتاد پس اتفاقی نبوده و پنکه از این ...,پیشنهاد می‌کنم
1023,چراباید چیزی که سفارش داده میشه تحویل مشتری داده نشه,مطمئن نیستم
1024,باحاله,پیشنهاد می‌کنم
1025,عالی و پر قدرت دو تا گرفتم اصلا هم داغ نمیکنه,پیشنهاد می‌کنم
1026,کیفیت خوبی داره و برای میز کار بهترین گزینه است,پیشنهاد می‌کنم
1027,پنکه جون دار,پیشنهاد می‌کنم
1028,کالای با کیفیت,پیشنهاد می‌کنم
1029,فقط لرزش گیر نداره خودت باید زیرش یه چیز نرم بزاری لرزششو بگیره,باددهی خوب نسبت به مصرف انرژیش
1030,پنکه,پیشنهاد می‌کنم
1031,کاربردی و مقاوم,پیشنهاد می‌کنم
1032,بسیار خوش ساخت و با کیفیت است. محصول داخلی با گارانتی و البته قیمت یکمی تند است.,پیشنهاد می‌کنم
1033,کارایی داره,پیشنهاد می‌کنم
1034,مقرون به صرفه و کارگشا,پیشنهاد می‌کنم
1035,خیلی عالی,پیشنهاد می‌کنم
1036,پنکه با کیفیتی است و برای رو میزی خیلی عالیه و توصیه دمیکنم,پیشنهاد می‌کنم
1037,پنکه دمنده,مطمئن نیستم
1038,خوبه، کار راه اندازه,سبک
1039,رضایت,پیشنهاد می‌کنم
1040,یکمی حس اسباب بازی بودن داره,مطمئن نیستم
1041,برند خوبیه اما ارسال با تاخیر و بسته بندیه معیوب توسط دیجی کالا,پیشنهاد نمی‌کنم
1042,بسیار گران,پیشنهاد نمی‌کنم
1043,عالیه,پیشنهاد می‌کنم
1044,بسیار زیبا و مناسب هست,پیشنهاد می‌کنم
1045,خوبه درکل بدک نیست فقط یه کم صداش زیاده,پیشنهاد می‌کنم
1046,به نسب قیمت خوبه,پیشنهاد می‌کنم
1047,خوب,پیشنهاد می‌کنم
1048,خوبه راضیم از خریدم,پیشنهاد می‌کنم
1049,عالی,پیشنهاد می‌کنم
1050,پنکه رومیزی,پیشنهاد می‌کنم
1051,خوب بود توصیه می‌شود,پیشنهاد می‌کنم
1052,قوی و کم صدا,پیشنهاد می‌کنم
1053,خوبه,پیشنهاد می‌کنم
1054,خوشکل و جمع جور,پیشنهاد می‌کنم
1055,پنکه,پیشنهاد می‌کنم
1056,خیلی مال نیست,پیشنهاد نمی‌کنم
1057,سرعت باد مناسب دکمه سرعت برعکسه,پیشنهاد می‌کنم
1058,خوبه,پیشنهاد می‌کنم
1059,خیلی کاربردیه,پیشنهاد می‌کنم
1060,خوب بود,پیشنهاد می‌کنم
1061,من پنج تا ازینا برای شرکت گرفتم از محاسنش صدای کم شه,پیشنهاد می‌کنم
1062,قابل استفاده روی میز کار,پیشنهاد می‌کنم
1063,بسیار شیک و کار راه انداز,پیشنهاد می‌کنم
1064,فوق العادست,پیشنهاد می‌کنم
1065,"نرم ، کم صدا ، زیبا ، پرتاب باد حداکثر تا یک متر فاصله ، خیلی رضایتبخش , یکسال میشه که خریدمش و تابستان تقریبا 24 ساعته روشنه و گاهی بهش استراحت میدم فوق العاده ست . حتما یکی دیگر هم تهیه میکنم",پیشنهاد می‌کنم
1066,به نسبت مدل های مشابه باددهی مناسبی نداشت,پیشنهاد می‌کنم
1067,خیلی عالی,پیشنهاد می‌کنم
1068,پنکه رو میزی,پیشنهاد می‌کنم
1069,مقایسه دو تا سایز کوچیک و متوسط,پیشنهاد می‌کنم
1070,پنکه خوبیه ،یک هفتس ازش استفاده میکنم در طول روز حدوداً ۵ ساعت روشن میکنم ،سرظهر که هوا خیلی گرمه روی درجه ۳ که کمترین حالت روشن میکنم و جلوم میزارم با این حال اصلا گرمم نمیشه ،ولی فقط برای یک نفر مناسب که جلو خودتون بزارید و خنک بشید انتظار خنک کردن محیط رو نباید داشته باشید.,پیشنهاد می‌کنم
1071,پنکه رومیزی دمنده,مطمئن نیستم
1072,باکیفیت,پیشنهاد می‌کنم
1073,عالی از هر نظر,پیشنهاد می‌کنم
1074,پرتاب باد خوب,پیشنهاد می‌کنم
1075,سرعت فن ها خیلی خوبه و پرتاب باد مناسبی داره فقط نمیدونم چرا اهرم تنظیم سرعتش برعکسه ؟!,پیشنهاد می‌کنم
1076,پنکه,پیشنهاد می‌کنم
1077,تو تابستون خوبه برای شب,پیشنهاد می‌کنم
1078,خوب,پیشنهاد می‌کنم
1079,خوب و کاربردی هستش تا دو سه متر روبروش جواب میده,پیشنهاد می‌کنم
1080,پنکه رومیزی,پیشنهاد می‌کنم
1081,محصول خوبیه اما درجه زیاد و کمش جابه جا سیم پیچی شده,پیشنهاد می‌کنم
1082,برا یک نفر عالی,پیشنهاد می‌کنم
1083,عالی خیلی خیلی قدرتمند,پیشنهاد می‌کنم
1084,عالی بود,پیشنهاد می‌کنم
1085,خوبه,پیشنهاد می‌کنم
1086,پنکه رومیزی دمنده,پیشنهاد می‌کنم
1087,برای یک میز اداری و تک نفره مناسبه,پیشنهاد می‌کنم
1088,بعد از یک ماه نظر مینویسم,پیشنهاد می‌کنم
1089,کیفیتش خوبه و خوب خنک میکنه,پیشنهاد می‌کنم
1090,نسبت به قیمت بیسار عالی بود,پیشنهاد می‌کنم
1091,من برای خودم گرفتم آنقدر راضی بودم و تابستان کمکم کرد که یکی هم کادو گرفتم,پیشنهاد می‌کنم
1092,خوبه راضیم,پیشنهاد می‌کنم
1093,فعلا که همه چی اوکیه ولی لوازم برقی و دیجیتالی نیاز به زمان دارند در صورت لزوم آپدیت میکنم,پیشنهاد می‌کنم
1094,پنکه رومیزی خوبیه صداشم زیادنیست بادی که میزنه هم به نسبت اندازش خیلی خوب وجالبه,پیشنهاد می‌کنم
1095,هم قشنگه و هم کاربردی,پیشنهاد می‌کنم
1096,خووووب,مطمئن نیستم
1097,این اندازه برای اتاق خواب تقریبا ۱۲ متری خوبه اونم باید نزدیکت قرار بدی خوب باد بزنه برات برای جاهای گرمسیری اصلا مناسب نیست منیکه تو تبریزم و مثل جنوب کشور گرم نیس خیلی خوب جواب نمیده چه برسه به‌جاهای گرم....,پیشنهاد می‌کنم
1098,پنکه رومیزی,پیشنهاد می‌کنم
1099,ضعیف,مطمئن نیستم
1100,بد بود,مطمئن نیستم
1101,پرتاب باد خوب,پیشنهاد می‌کنم
1102,همراه کارمندان,پیشنهاد می‌کنم
1103,پنکه,پیشنهاد می‌کنم
1104,اگه خراب باشه پس نمیگیرن,پیشنهاد نمی‌کنم
1105,جنس بد,پیشنهاد نمی‌کنم
1106,پنکه رومیزی دمنده,پیشنهاد می‌کنم
1107,عالیه حرف نداره,پیشنهاد می‌کنم
1108,خوبه,پیشنهاد می‌کنم
1109,پنکه عالی,پیشنهاد می‌کنم
1110,راضیم,پیشنهاد می‌کنم
1111,براي يه فضاي كوچك خيلي خوبه,پیشنهاد می‌کنم
1112,پنکه رومیزی,پیشنهاد می‌کنم
1113,خیلی به نسبت قیمت و سایزش کارایی داره ، ولی کاش یه دسته برای جابه جایی و یه سیم پیچ داشت که سیمش جمع بشه,پیشنهاد می‌کنم
1114,برای اتاق کوچک خوبه,پیشنهاد می‌کنم
1115,باد مناسب و خوب,پیشنهاد می‌کنم
1116,میتونست بهتر باشه,پیشنهاد می‌کنم
1117,کاربردی و سبک,پیشنهاد می‌کنم
1118,پنکه جمع و جوری هست مستقیم باد میزنه میتونید جایش را تغییر دهید که فقط هوا را عوض کند من رو درجه 3 که پایین هست میگذارم چون عمر پنکه زیاد میشود.,پیشنهاد می‌کنم
1119,خوبه,پیشنهاد می‌کنم
1120,کلید دستگاه,پیشنهاد می‌کنم
1121,رضایت دارم از خریدم,پیشنهاد می‌کنم
1122,خیلی باد ضعیفی داره .. نسبت به چثه ای داره صداش نسبتا زیاده .. مثل یه فن هواکش خیلی معمولیه,پیشنهاد می‌کنم
1123,خرید این فن را به دیگران توصیه میکنم,پیشنهاد می‌کنم
1124,من برای توی آشپزخونه خریدم و راضی هستم . فقط ای کاش حالت چرخشی داشت . توصیه میکنم .,پیشنهاد می‌کنم
1125,پنکه رومیزی دمنده,پیشنهاد می‌کنم
1126,قیمت مناسب,مطمئن نیستم
1127,خوب,پیشنهاد می‌کنم
1128,عادی,مطمئن نیستم
1129,دمنده,پیشنهاد نمی‌کنم
1130,واقعا توصیه می‌شود,پیشنهاد می‌کنم
1131,عالی عالی عالی,پیشنهاد می‌کنم
1132,عالیه واقعا من توی تخفیف خریدم چهارصد و خورده ای به نصبت قیمتش عالیه,پیشنهاد می‌کنم
1133,خیلی خوبه، کار راه اندازه,پیشنهاد می‌کنم
1134,رومیزی هست و باید به آدم نزدیک باشه از این نظر خوبه و پیشنهاد میکنم ولی اگه میخوای بزاری دور و فاصله زیاد باشه به نظرم به کار نمیاد و باد پنکه رو احساس نمیکنی,مطمئن نیستم
1135,عالی و مناسب,پیشنهاد می‌کنم
1136,Ok,پیشنهاد می‌کنم
1137,خوبه بد نیست,مطمئن نیستم
1138,پنکه رو میزی,پیشنهاد می‌کنم
1139,خوبه تنظیم سه حالته داره کیفیت عالی,پیشنهاد می‌کنم
1140,نکات منفیش از مثبتش بیشتره,مطمئن نیستم
1141,بسیار کاربردی طبق نیاز,پیشنهاد می‌کنم
1142,با درود. این همه از این محصول تعریف و تمجید شنیدیم بعد از دو ماه کار کرد اونم فقط دورِ کُند، سوخت و دودش دراومد. امیدوارم گارانتی قبول کنه ، دوباره بعد از رفتن به گارنتی نظرم رو آپدیت میکنم ...,پیشنهاد نمی‌کنم
1143,عالی هرچی بگم کم گفتم ممنون از فروشنده,پیشنهاد می‌کنم
1144,پنکه رومیزی دمنده مدل Haleh,پیشنهاد می‌کنم
1145,عالیه,پیشنهاد می‌کنم
1146,خوب بود ، نسبت به قیمت ارزش خرید داشت واقعا,پیشنهاد می‌کنم
1147,آشغال,پیشنهاد نمی‌کنم
1148,عالی,پیشنهاد می‌کنم
1149,ارزش خرید داره، برای محل کارم گرفتم، بدون صداست.,پیشنهاد می‌کنم
1150,پنکه خوب,پیشنهاد می‌کنم
1151,عالیییییییییی,پیشنهاد می‌کنم
1152,خونه,پیشنهاد می‌کنم
1153,درجه بندی داره ثابته ولی خوبه واسه 1 نفر,پیشنهاد می‌کنم
1154,کیفیت,پیشنهاد می‌کنم
1155,پنکه رو میزی,پیشنهاد می‌کنم
1156,خیلی خوبه برای روزهای گرم . بی‌صدا و کاربردی و کم جا,پیشنهاد می‌کنم
1157,......,......
1158,به نظرم خوبه,پیشنهاد می‌کنم
1159,خوب,پیشنهاد می‌کنم
1160,خوبه,پیشنهاد می‌کنم
1161,بسیار عالی و کار راه انداز,پیشنهاد می‌کنم
1162,خرید محصول,پیشنهاد می‌کنم
1163,خوبه,پیشنهاد می‌کنم
1164,این محصول دارای کیفیت بالا در قطعات به کا رفته در فرایند ساخت است ولی نه با این قیمت بالا که به نظر میرسه قیمت محصول برای مصرف کننده خیلی بالاتر از چیزی است که به ان قیمت تمام شده ساخت اتلاق میشود.,پیشنهاد می‌کنم
1165,قبلاً خوب بود,مطمئن نیستم
1166,خوب,پیشنهاد می‌کنم
1167,پنکه,پیشنهاد می‌کنم
1168,ارزش خرید دارد,پیشنهاد می‌کنم
1169,پنکه رومیزی,بی صدا
1170,پنکه دمنده,پیشنهاد می‌کنم
1171,برای فاصله های کم مناسبه,پیشنهاد می‌کنم
1172,عالی,پیشنهاد می‌کنم
1173,باکیفیت,پیشنهاد می‌کنم
1174,در کل خول,پیشنهاد می‌کنم
1175,شانس من خراب شد,پیشنهاد می‌کنم
1176,خیلی خوبه,پیشنهاد می‌کنم
1177,خوب,پیشنهاد می‌کنم
1178,خیلی خوبه,پیشنهاد می‌کنم
1179,پیشنهاد میکنم,پیشنهاد می‌کنم
1180,به درد بخور,پیشنهاد می‌کنم
1181,قیمت و کیفیت مناسب,پیشنهاد می‌کنم
1182,عالی بود,پیشنهاد می‌کنم
1183,سبک ؛ قابل حمل آسان ، برای یک نفر خوبه ، پنجره جلو پره ها خیلی متراکمه و مقداری مانع جریان باد میشود,مطمئن نیستم
1184,کالای با کیفیت عالی,پیشنهاد می‌کنم
1185,عالی,پیشنهاد می‌کنم
1186,پنکه رو میزی,پیشنهاد می‌کنم
1187,کاملآ بی صداس خیلی راضی هستم,پیشنهاد می‌کنم
1188,راضیم,پیشنهاد می‌کنم
1189,قدرت باد خوب,مطمئن نیستم
1190,عالیه عالی از خریدم راضی ام برای میز کارم خریدمش و خدا رو شکر که سالم بود. ممنون از تولید کننده و دیجی کالا و مرسی از خودم که خریدمش,پیشنهاد می‌کنم
1191,ارزش خرید بالا,پیشنهاد می‌کنم
1192,پنکه رومیزی,پیشنهاد نمی‌کنم
1193,عالی,پیشنهاد می‌کنم
1194,پنکه رومیزی دمنده مدل هاله,پیشنهاد می‌کنم
1195,عالی,پیشنهاد می‌کنم
1196,پنکه,پیشنهاد می‌کنم
1197,بد نیست هم قدرتش خوبه,پیشنهاد می‌کنم
1198,خیلی خوبه,پیشنهاد می‌کنم
1199,دستگاه خوبیه,پیشنهاد می‌کنم
1200,برای کنار تختخواب و میز کار عالیه,پیشنهاد می‌کنم
1201,برای روی میز در اداره یا منزل عالی است,پیشنهاد می‌کنم
1202,پنکه,پیشنهاد می‌کنم
1203,خوب,پیشنهاد می‌کنم
1204,کیفیت,پیشنهاد می‌کنم
1205,خوب,پیشنهاد می‌کنم
1206,پنکه خوبیه من برای کارم گرفتم که روی میز گذاشتم خوبیش اینه صدا هم نداره باد خوبی هم میزنه,پیشنهاد می‌کنم
1207,جنس ایرانی بسیار خوب و با کیفیتی هست، خیلی کم صدا هم هست فقط ایکاش رنگ مشکی موجود میشد!,پیشنهاد می‌کنم
1208,خیلی خوب,پیشنهاد می‌کنم
1209,پنکه رومیزی دمنده,واقعا پسندیدم
1210,در کل برای فضای کوچیک و جمو جور خوبه,پیشنهاد می‌کنم
1211,برای محل کار روی میز عالیه مرسی,پیشنهاد می‌کنم
1212,ازهمه نظر عالی هستش.,پیشنهاد می‌کنم
1213,پنکه رومیزی,پیشنهاد می‌کنم
1214,پنکه رومیزی,پیشنهاد می‌کنم
1215,...,پیشنهاد می‌کنم
1216,خوبه ولی چرا صدا داره؟,پیشنهاد می‌کنم
1217,خوب,پیشنهاد می‌کنم
1218,پنکه رومیزی,مطمئن نیستم
1219,خوب,پیشنهاد می‌کنم
1220,خاموش میشه بعد چند ساعت روشن میشه,پیشنهاد نمی‌کنم
1221,بعد از یه مدت کوتاه که روشن باسه اتومات خاموش میشه و حدودا بعد از نیم ساعت مجدداً روشن میشه!!!!!!!!,پیشنهاد می‌کنم
1222,قیمت پایین و کارایی بالا,پیشنهاد می‌کنم
1223,شروع ضمانت نامه,مطمئن نیستم
1224,جنس دست دوم و استفاده شده,پیشنهاد نمی‌کنم
1225,به موقع ارسال شد کیفیت محصول هم خوب بود قیمت هم مناسب بود,پیشنهاد می‌کنم
1226,به اندازه پولی که میدید هست,مطمئن نیستم
1227,خیلی عالی,پیشنهاد می‌کنم
1228,بسیار مناسب و عالی,پیشنهاد می‌کنم
1229,خیلی عالیه و سرعت بادش عالیه,پیشنهاد می‌کنم
1230,خوب بود,پیشنهاد می‌کنم
1231,من برای روی میز ادارم خریدم خیلی عالی خیلی راضیم,پیشنهاد می‌کنم
1232,خوبه,پیشنهاد می‌کنم
1233,مناسب است,پیشنهاد می‌کنم
1234,خوب و درجه یک,پیشنهاد می‌کنم
1235,بهترین خرید برای تمام فصول بدون صدا و پرتاب باد 3 سرعتهm .,پیشنهاد می‌کنم
1236,این پنکه ها بسیار خنک کننده است ، ولی کارتن پنکه از وسط پاره شده بود ، لطفا تیم دیجی کالا در بسته بندی و نگهداری وسایل حساس برقی دقت فرمایید ، البته سفارش مون زود بدست مون رسید با سپاس از تیم دیجی کالا,پیشنهاد می‌کنم
1237,خوب,پیشنهاد می‌کنم
1238,در خرید شک نکنید!,پیشنهاد می‌کنم
1239,خوبه راضیم,پیشنهاد می‌کنم
1240,در کل خوب بود راضیم,پیشنهاد می‌کنم
1241,خوب و کاربردی و کوچک,پیشنهاد می‌کنم
1242,کیفیت,پیشنهاد می‌کنم
1243,تو شرکت روی میز گذاشتم عالیه,پیشنهاد می‌کنم
1244,خفنه,پیشنهاد می‌کنم
1245,خوب و باکیفیت و موتور قوی,پیشنهاد می‌کنم
1246,نسبت به قیمت عالی، قوی و کم مصرف تو خریدش شک نکنید,پیشنهاد می‌کنم
1247,خیلی خوب و با کیفیت و کار راه بنداز برای یک نفره,پیشنهاد می‌کنم
1248,منفی,پیشنهاد نمی‌کنم
1249,برای فصل تابستون که هوا خیلی گرمه گرفتم و با همون کمترین درجش(درجه ۳) حسابی فضا رو قابل تحمل میکنه و آدمو خنک میکنه، من برای روی میزم گرفتم و خیلی شیک و جمع و جور و ایمن هستش ولی باید زیرش یه چیزی بذارم که بادش بخوره به صورتم.,پیشنهاد می‌کنم
1250,کوچک تر از انتظارم بود اما بادش خوبه البته از پنکه معمولی کمتره بیشترین درجش درجه یک پنکه معمولیه تایمر خواب نداره بده و درجه هاش دکمه ای بود عالی میشد تو خواب میشد خاموشش کرد و درجه یکش لرزش داره,پیشنهاد می‌کنم
1251,غیر اصل,مطمئن نیستم
1252,عالی بود,پیشنهاد می‌کنم
1253,بی نظیر,پیشنهاد می‌کنم
1254,پنکه,پیشنهاد می‌کنم
1255,انتظار باد خیلی زیادی نداشته باشین، دور کندش که اصلا هیچی حس نمیکنین، ولی در کل به نسبت پولی که میدین پنکه خوبیه,پیشنهاد می‌کنم
1256,خوب بود,پیشنهاد می‌کنم
1257,باد قوی داره,پیشنهاد می‌کنم
1258,عالی,پیشنهاد می‌کنم
1259,صدای کم جای کم قدرت عالی,پیشنهاد می‌کنم
1260,کاربردی - پیشنهاد میکنم,پیشنهاد می‌کنم
1261,پنکه رو میزی مدل هاله,پیشنهاد می‌کنم
1262,کار راه انداز,پیشنهاد می‌کنم
1263,نسبت به قیمت پایینش عالیه,پیشنهاد می‌کنم
1264,راضی هستم از خریدی که کردم با تشکر از دیجی کالا,پیشنهاد می‌کنم
1265,خودش خوبه کارتنش خرابه,پیشنهاد می‌کنم
1266,پنکه رومیزی,پیشنهاد می‌کنم
1267,بسیار عالی وسبک,پیشنهاد می‌کنم
1268,مثبت,پیشنهاد می‌کنم
1269,دمنده,پیشنهاد می‌کنم
1270,با کیفیت و کارآمد,پیشنهاد می‌کنم
1271,عالی,پیشنهاد می‌کنم
1272,خیلی خوبه,پیشنهاد می‌کنم
1273,بی صدایِ خنک,پیشنهاد می‌کنم
1274,عالی,پیشنهاد می‌کنم
1275,بهترین و کاربردی ترین خریدم از دیجی کالا بود,پیشنهاد می‌کنم
1276,پرتاب باد نداره,مطمئن نیستم
1277,پنکه رومیزی,پیشنهاد می‌کنم
1278,توصیه میکنم,پیشنهاد می‌کنم
1279,سایز کوچک و در اصل یک فن تهویه برعکس هست,مطمئن نیستم
1280,پنکه رومیزی,پیشنهاد می‌کنم
1281,خوبه خداییش . صدا هم نداره,پیشنهاد می‌کنم
1282,بسیار عالی,پیشنهاد می‌کنم
1283,در کل کار راه بیاندازنده,پیشنهاد می‌کنم
1284,خوب,پیشنهاد می‌کنم
1285,ضعیف و بی کیفیت,پیشنهاد نمی‌کنم
1286,عالیه,پیشنهاد می‌کنم
1287,عالیه,پیشنهاد می‌کنم
1288,باد ملایم و مطبوعی تولید می کنه. از خریدم راضی ام. برای توی آشپزخونه که جریان هوای درست و حسابی نداره و همیشه هم از همه جاهای دیگه خونه گرمتره، خیلی عالیه.,پیشنهاد می‌کنم
1289,خوب بود. قابل حمل است,پیشنهاد می‌کنم
1290,نسبت به قیمتش خوبه,پیشنهاد می‌کنم
1291,خوب، سبک و کم مصرف,پیشنهاد می‌کنم
1292,ارزش خرید دارد,پیشنهاد می‌کنم
1293,به صرفه,پیشنهاد می‌کنم
1294,دمنده هاله,پیشنهاد می‌کنم
1295,خوبه برای اتاق کوچک و اینکه مستقیم به سمت خودتون باشه جواب می دهد,پیشنهاد می‌کنم
1296,پنکه رومیزی دمنده,پیشنهاد می‌کنم
1297,به نسبت قیمت اصلا نمی ارزد بهتر است پول بیشتر بدهید و جنس بهتری بخرید,پیشنهاد نمی‌کنم
1298,عالی,پیشنهاد می‌کنم
1299,خیلی عالی,پیشنهاد می‌کنم
1300,عالی,پیشنهاد می‌کنم
1301,خوبه,پیشنهاد می‌کنم
1302,مناسب برای خونه‌هایی که بابایی کولر رو خاموش می‌کنه.,پیشنهاد می‌کنم
1303,خوب بود,پیشنهاد می‌کنم
1304,سوخت!!,مطمئن نیستم
1305,حتما پیشنهاد میکنم بخرید بدون صدا و شتاب باد عالی,پیشنهاد می‌کنم
1306,کیفیت خوب,پیشنهاد می‌کنم
1307,کاربردی,پیشنهاد می‌کنم
1308,بسته بندی مناسب نبود ولی کالا کاملا سالم بود,پیشنهاد می‌کنم
1309,عالی,پیشنهاد می‌کنم
1310,راضیم,پیشنهاد می‌کنم
1311,عالی,پیشنهاد می‌کنم
1312,به نظرم محصول خوبيه و از خريدش راضى هستن، به خصوص وقتى تو آشپزخونه و كنار گاز آشپزى ميكنيد هر جايى ميتونه باشه و خنكتون كنه در واقع ميشه زد زير بقل و هر جايى بردش من كه نسبت به قيمتش از كاراييش خيلى راضيم,پیشنهاد می‌کنم
1313,خوبه,پیشنهاد می‌کنم
1314,بسیار عالی و خیلی خنک در ۳درجه نتظیم,پیشنهاد می‌کنم
1315,پنکه رومیزی,پیشنهاد می‌کنم
1316,یاد ضعیف,پیشنهاد نمی‌کنم
1317,خوب بود,پیشنهاد می‌کنم
1318,دمنده,پیشنهاد می‌کنم
1319,روی حالت سه که تند ترینه صداش اذیت میکنه ولی یک و دو عالیه,پیشنهاد می‌کنم
1320,پیشنهاد میکنم,پیشنهاد می‌کنم
1321,حدود یک هفته است تحویل گرفتم برعکس نظر دوستان تاریخ گارانتی مربوط به تیرماه 1402 است,پیشنهاد می‌کنم
1322,عالی,پیشنهاد می‌کنم
1323,بسته بندی عالی و سالم دستگاه سالم و بدون نقص و وکیوم شده,پیشنهاد می‌کنم
1324,خوب,پیشنهاد می‌کنم
1325,پنکه دمنده,پیشنهاد می‌کنم
1326,با اینکه کوچیکه اما خوب کار میکنه روی دور کندش هم باد خوبی داره,پیشنهاد می‌کنم
1327,عالی,پیشنهاد می‌کنم
1328,عالی,پیشنهاد می‌کنم
1329,سلام دوستان ، صدای کم ، باددهی مناسب,پیشنهاد می‌کنم
1330,پنکه,پیشنهاد می‌کنم
1331,خیلی خوبه,پیشنهاد می‌کنم
1332,خوب و با کیفیت,پیشنهاد می‌کنم
1333,عالی,پیشنهاد می‌کنم
1334,اگه نیازتونه بخرین رو دور تندش صدا میده موتورش,مطمئن نیستم
1335,استفاده طولانی مدت,پیشنهاد می‌کنم
1336,حتما بخرید پشیمون نمیشید,پیشنهاد می‌کنم
1337,خیلی عالیه,پیشنهاد می‌کنم
1338,خوبه ولی گرونه,پیشنهاد می‌کنم
1339,با این قیمت و کیفیت هیچ رقیبی براش نیست.,پیشنهاد می‌کنم
1340,خراب بودن پروانه,پیشنهاد نمی‌کنم
1341,یادش خوبه ولی کلید هاش برعکسه ، ۳ باد کمه و ۱ باد زیاد، من ۲تا خریدم هردو این مشکل رو داشت,پیشنهاد می‌کنم
1342,خیلی عالیه و واقعا قوی هستش,پیشنهاد می‌کنم
1343,عالی,پیشنهاد می‌کنم
1344,بررسی,پیشنهاد می‌کنم
1345,خوب,پیشنهاد می‌کنم
1346,عالی,پیشنهاد می‌کنم
1347,عاااااالی,پیشنهاد می‌کنم
1348,عالی,پیشنهاد می‌کنم
1349,بي نظير بود,پیشنهاد می‌کنم
1350,پنکه خوبی هست بی صدا و قدرت خوبی داره و اندازه ی مناسبی دارد,پیشنهاد می‌کنم
1351,كوچك بودن سايز,پیشنهاد می‌کنم
1352,پنکه ای به قدرت کولر گازی!,پیشنهاد می‌کنم
1353,پنکه رومیزی,پیشنهاد می‌کنم
1354,خوبه,پیشنهاد می‌کنم
1355,سرعت چرخش خوبه اما چندان خنک نمیکنه و اگر کم حجم تر بود بهتر میشد,پیشنهاد می‌کنم
1356,اولاً بسته بندی کاملآ کهنه و بی کیفیت کالا واقعاً من چند ساله خرید اینترنتی می‌کنم ولی به این بی کیفیت واقعاً ندیدم,پیشنهاد نمی‌کنم
1357,كيفيت و كاركرد ان عاليست,پیشنهاد می‌کنم
1358,راضیم از خریدم,پیشنهاد می‌کنم
1359,پنکه بسیار خوبی، پرتاب باد خوبی داره و نسبت به پنکه های دیگه صدای کمتری داره,پیشنهاد می‌کنم
1360,یهو خاموش میشه خودش,پیشنهاد نمی‌کنم
1361,خوبه . برای اتاق خواب جواب میده,پیشنهاد می‌کنم
1362,کاربلد,پیشنهاد می‌کنم
1363,از این جنس راضی بودم,پیشنهاد می‌کنم
1364,در مجموع خوب بود,پیشنهاد می‌کنم
1365,مناسب,پیشنهاد می‌کنم
1366,عالیه و واقعا کاربردی هست داشتنش,پیشنهاد می‌کنم
1367,عالی دقیقا همونی که میخواستم,پیشنهاد می‌کنم
1368,بسیار عالی و شیک,پیشنهاد می‌کنم
1369,پنکه رومیزی,پیشنهاد می‌کنم
1370,عالی,پیشنهاد می‌کنم
1371,پیشنهاد میکنم,پیشنهاد می‌کنم
1372,خوب بود,پیشنهاد می‌کنم
1373,کیفیت مشکوک است,مطمئن نیستم
1374,پنکه رومیزی دمنده,پیشنهاد می‌کنم
1375,خواهد شد,مطمئن نیستم
1376,پنکه رومیزی دمنده مدل Haleh,پیشنهاد می‌کنم
1377,دور تندش با دور کند پنکه معمولی برابر هست,پیشنهاد نمی‌کنم
1378,پنکه رومیزی,پیشنهاد می‌کنم
1379,خیلی خوبه,پیشنهاد می‌کنم
1380,خوب,پیشنهاد می‌کنم
1381,پنکه رومیزی,پیشنهاد می‌کنم
1382,به نسبت قیمت خوب ه,پیشنهاد می‌کنم
1383,پنکه رومیزی,پیشنهاد می‌کنم
1384,پنکه,پیشنهاد می‌کنم
1385,خوب,پیشنهاد می‌کنم
1386,دمنده هاله,حجم باد
1387,ممنون,پیشنهاد می‌کنم
1388,پنکه رومیزی,پیشنهاد می‌کنم
1389,عاااالیه,پیشنهاد می‌کنم
1390,پنکه خوب,پیشنهاد می‌کنم
1391,توصیه میکنم,پیشنهاد می‌کنم
1392,عالی,پیشنهاد می‌کنم
1393,دستگاه خوبی هست,پیشنهاد می‌کنم
1394,باد خوب,پیشنهاد می‌کنم
1395,با توجه به قیمت گزینه خوبی هستش من برای میز کارم خریدم پرتاب باد خوبی داره رو کمترین درجه هم جواب می ده,پیشنهاد می‌کنم
1396,عالی,پیشنهاد می‌کنم
1397,خوبه ،بد نیست،فقط یه ربع روشنه ،یه ربع خاموش,مطمئن نیستم
1398,خوب بود من چند روزه که دارم استفاده میکنم خنک میکرد و راضی ام,پیشنهاد می‌کنم
1399,نسبت به قیمت خوبه,پیشنهاد می‌کنم
1400,عالیه,پیشنهاد می‌کنم
1401,کلا پنکه خوبیه من دوسال پیشم از خریدم الان برای جای دیگ خریدم عالیه فقط اینکه یکسره روی دور‌تند نزارین ک خودکار قطع میکنه بعد یک ساعت,پیشنهاد می‌کنم
1402,واقعا برای خونه هایی که مشکل جا دارن این پنکه که راحت تو کمد هم جا می‌شه عالیه! قیمتش خیلی مناسبه واقعا یکی بخواد فوتمون کنه خنک شیم باید بیشتر پول بدیم😂😂 برای آشپزخونه که تهویه و خنک کننده نداره هم عالیه,پیشنهاد می‌کنم
1403,از خريدم خيلي راضيم، در حد كولر گازي خنك ميكنه،عاشقش شدم,پیشنهاد می‌کنم
1404,خوب و کاربردی,پیشنهاد می‌کنم
1405,بسیار عالی,پیشنهاد می‌کنم
1406,محصول خوبیه با توجه به قیمتش ارزش خرید داره ولی کمی به جزییات دقت نشده وگرنه میتونه ب محصولات خارجی هم رقابت کنه وگرنه همین موتور دستگاه روی محصولات بالای 2 میلیون خارجی نصب شده,پیشنهاد می‌کنم
1407,کیفیت و دوام عالی,پیشنهاد می‌کنم
1408,قابل قبول,پیشنهاد می‌کنم
1409,مناسب ترین پنکه با این قیمت,پیشنهاد می‌کنم
1410,پنکه,پیشنهاد می‌کنم
1411,کاربردی,پیشنهاد می‌کنم
1412,پنکه رو میزی,پیشنهاد می‌کنم
1413,خوبه,پیشنهاد می‌کنم
1414,کیفیت بدنه و ساخت خوبی داره..فقط دکمه های سرعت برعکس عمل میکنن,پیشنهاد می‌کنم
1415,نسبت به قیمت مناسبه,پیشنهاد می‌کنم
1416,خیلی خوب است توصیه به خرید,پیشنهاد می‌کنم
1417,پنکه رومیزی دمنده,پیشنهاد می‌کنم
1418,خوب بود,پیشنهاد می‌کنم
1419,واقعا خیلی خوب بود,پیشنهاد می‌کنم
1420,باد ملایم ،کاربردیه واقعا,پیشنهاد می‌کنم
1421,رضایت از کالا,پیشنهاد می‌کنم
1422,عالی...,پیشنهاد می‌کنم
1423,بهتر از چیزی بود که فکر میکردم، فقط ای کاش یکم ارزون تر بود,پیشنهاد می‌کنم
1424,راضی,پیشنهاد می‌کنم
1425,نظر,پیشنهاد می‌کنم
1426,جواب منو داد. مشکلش همونطور که دوستان هم گفتن اینه که درجه‌هاش برعکسه که خیلی مهم نیس. و روی دور تند صداش زیاده ولی من همش رو دور کند میذارم.,پیشنهاد می‌کنم
1427,شریک زندگی,پیشنهاد می‌کنم
1428,عالی,پیشنهاد می‌کنم
1429,عالی,پیشنهاد می‌کنم
1430,پنکه رو میزی عالی,پیشنهاد می‌کنم
1431,پنکه سبک و خوب,پیشنهاد می‌کنم
1432,پنکه رومیزی کوچک,مطمئن نیستم
1433,پنکه رومیزی,پیشنهاد می‌کنم
1434,عالیه,پیشنهاد می‌کنم
1435,باز شده بود,مطمئن نیستم
1436,پنکه رومیزی دمنده,پیشنهاد می‌کنم
1437,خوبه برای پت ام خریدم که هوا گرمه یخرده خنک بشه قیمت پایین تر از این تو دیجی کالا پیدا نکردم,پیشنهاد می‌کنم
1438,نظر شخصی,پیشنهاد می‌کنم
1439,یکم صدای اضافه داره,پیشنهاد می‌کنم
1440,پنکه دمنده,مطمئن نیستم
1441,خوبه بخرید,پیشنهاد می‌کنم
1442,خیلی خوبه واسه محل کارم خریدم,پیشنهاد می‌کنم
1443,کاربردی,پیشنهاد می‌کنم
1444,پنکه رومیزی,پیشنهاد می‌کنم
1445,درحد خودش خوب هستش به نسبت قیمت,پیشنهاد می‌کنم
1446,پنکه رومیزی,پیشنهاد می‌کنم
1447,تابستون سال گذشته چون برق محل کارمون هر روز قطع می شد، من و همکارم دوتا خریدیم. توی اون گرما به دادمون رسید و خیلی راضی بودیم. هنوزم کار میکنن,پیشنهاد می‌کنم
1448,اولش نفهمیدم که باید از دیجی کالا بگیرم چون واسه من از خود کارخونه بود و متاسفانه شکستگی داشت ک مرجوع نکردم چون قابل پیش بینی نیستش که ایندفعه چه بلایی سرمون دربیارن بعد از دو هفته به دستم رسید اونم با بسته بندی نادرست فقط یک پلاستیک پیچیده بودن و با کارتن خودش واقعا متاسفم واسه این حجم از بی توجهی نسبت به کالا و مشتری,مطمئن نیستم
1449,عالی,پیشنهاد می‌کنم
1450,خوبه,پیشنهاد می‌کنم
1451,در یک کلام (مزخرف),پیشنهاد نمی‌کنم
1452,کوچیک وکاربردی,پیشنهاد می‌کنم
1453,عالی,پیشنهاد می‌کنم
1454,بااینکه کوچک بود فضا راخنک کرد,پیشنهاد می‌کنم
1455,قیمتش یکم بالاست وگرنه از هر لحاظ خوبه,مطمئن نیستم
1456,ققیمت گران است,پیشنهاد می‌کنم
1457,معمولیه در حد قیمتش,پیشنهاد می‌کنم
1458,میتونم بگم فقط خوبه، نمیشه گف عالی عالی ولی پشیمون نیستم,پیشنهاد می‌کنم
1459,به نسبت قیمتش عالیه,پیشنهاد می‌کنم
1460,پنکه رومیزی,پیشنهاد می‌کنم
1461,ضعیف,پیشنهاد نمی‌کنم
1462,بسته بندی افتضاح,پیشنهاد می‌کنم
1463,کیفیت متوسط,مطمئن نیستم
1464,خوبه راضی بودم,پیشنهاد می‌کنم
1465,پنکه حاله,پیشنهاد می‌کنم
1466,عالی,پیشنهاد می‌کنم
1467,خیلی خوبه فقط دکمه هاش بر عکسه ولی پرتاب باد خوبی داره,پیشنهاد می‌کنم
1468,خوب بود,پیشنهاد می‌کنم
1469,کار راه بنداز,پیشنهاد می‌کنم
1470,پنکه دمنده,پیشنهاد می‌کنم
1471,واسه یه نفر خوبه و محیط خیلی کوچیک چون نمیچرخه مدام باید به سمت خودت باشه,پیشنهاد می‌کنم
1472,خیلی عالی,پیشنهاد می‌کنم
1473,پایه پنکه شکسته بود,پیشنهاد نمی‌کنم
1474,پنکه,پیشنهاد می‌کنم
1475,پنکه,پیشنهاد می‌کنم
1476,خیلی خوبه.,پیشنهاد می‌کنم
1477,پنکه کوچک خریدم واقعاً عالی بود,پیشنهاد می‌کنم
1478,معمولی,مطمئن نیستم
1479,بار دومی هست که این محصول رو خریداری میکنم پارسال برای محل کارم گرفتم و امسال هم برای منزل و خیلی هم ازش راضیم... جای زیادی نمیگیره و قدرت پرتاب بادش هم عالیه,پیشنهاد می‌کنم
1480,خوبه,پیشنهاد می‌کنم
1481,خوب بود من راضیم,پیشنهاد می‌کنم
1482,پیشنهاد می کنم,پیشنهاد می‌کنم
1483,خیلی جالب نیست.,مطمئن نیستم
1484,خوب بود راضی بودم,پیشنهاد می‌کنم
1485,درجه برعکس هستش یعنی 1 تند و 3 کند هستش بدک نیست و قدرت باد خوبی از نزدیک داره,پیشنهاد می‌کنم
1486,خوب بود,پیشنهاد می‌کنم
1487,کاربردی کوچک عالی,پیشنهاد می‌کنم
1488,عالی,پیشنهاد می‌کنم
1489,محصول در بسته بندی خوبی تحویل داده شد. شدت بادش هم مناسبه برای اتاق خواب یا محل کار. کار راه اندازه خلاصه.,پیشنهاد می‌کنم
1490,خوب و کار راه انداز,پیشنهاد می‌کنم
1491,پنکه دمنده,پیشنهاد می‌کنم
1492,اصلا نمیرزه,پیشنهاد نمی‌کنم
1493,خوبه کار راه اندازه,پیشنهاد می‌کنم
1494,مدیریت زمان ارسال بسته بندی,مطمئن نیستم
1495,خیلی عالی,پیشنهاد می‌کنم
1496,سلام. قدرتش واقعاً عالیه. خیلیهم بی صدا کار می کنه. فقط کاش کمی ارزونتر بود.,پیشنهاد می‌کنم
1497,عالی,باد خنک
1498,خوبیش اینه وقتی داغ میکنه خودش خاموش میشه بنی اونقدری کار نمیکنه که بسوزه,پیشنهاد می‌کنم
1499,پنکه رومیزی,پیشنهاد می‌کنم
1500,پنکه رومیزی جمع و جور و باکیفیت,پیشنهاد می‌کنم
1501,عالی و کاربردی,پیشنهاد می‌کنم
1502,توقع پرتاب باد زیاد نداشته باشید,پیشنهاد می‌کنم
1503,پنکه رومیزی دمنده,سبک
1504,بد,مطمئن نیستم
1505,پنکه رومیزی,مطمئن نیستم
1506,مرجوع کردم برای شهر گرمسیر به درد نمیخوره,پیشنهاد می‌کنم
1507,پنکه فوق العاده به صرفه,پیشنهاد می‌کنم
1508,مح۱ول با کیفیت و عالی,پیشنهاد می‌کنم
1509,پنکه جمع و جور و خوبیه، بخصوص برای فضای کوچک خوب جواب میده,پیشنهاد می‌کنم
1510,خوبه ولی صدا میده تو دور تند,پیشنهاد می‌کنم
1511,حرف نداره,پیشنهاد می‌کنم
1512,کاربردی و نسبتا خوب,پیشنهاد می‌کنم
1513,پنکه رومیزی,پیشنهاد می‌کنم
1514,خیلی خوبه پیشنهاد میکنم بخرید,پیشنهاد می‌کنم
1515,پنکه رومیزی دمنده,پیشنهاد می‌کنم
1516,کاربردی و مفید,پیشنهاد می‌کنم
1517,عالیه,پیشنهاد می‌کنم
1518,خیلی خوب,پیشنهاد می‌کنم
1519,دمنده,پیشنهاد می‌کنم
1520,عالیییی خیلی خوبه,پیشنهاد می‌کنم
1521,بسیار عالی,پیشنهاد می‌کنم
1522,خوبه,پیشنهاد می‌کنم
1523,پنکه رومیزی,پیشنهاد نمی‌کنم
1524,پنکه دمنده,پیشنهاد می‌کنم
1525,دومین باره سفارش میدم، بسیار راضی هستم قشنگ هوای اتاق ۱۲ متری رو عوض میکنه,پیشنهاد می‌کنم
1526,افتضاح,پیشنهاد نمی‌کنم
1527,پیشنهاد میکنم,پیشنهاد می‌کنم
1528,پنکه,پیشنهاد می‌کنم
1529,کیفیت بسیار پایین,پیشنهاد نمی‌کنم
1530,راضى هستم قيمت و كيفيت خوب,پیشنهاد می‌کنم
1531,پنکه رومیزی دمنده مدل هاله,پیشنهاد می‌کنم
1532,فن قوی,پیشنهاد می‌کنم
1533,خیلی خوب وراضی بودم.در مقایسه با قد وبالای ظریف مریف وسبکش کارایی خوبی داره .ودر پاسخ دوستانی که بعصی نظرات گفتند آکبند نیست. خیلی مرتب.وآک بدستم رسید خیلی تشکر,پیشنهاد می‌کنم
1534,هوا دهی خوبی داره,پیشنهاد می‌کنم
1535,برای توی مکان های کوچیک مناسبه,پیشنهاد می‌کنم
1536,در حد اینکه فقط اندازه 1 متر خنک کنه,مطمئن نیستم
1537,پیشنهاد میکنم,پیشنهاد می‌کنم
1538,کارایی خوبی داره. یک اتاق ۱۵ متری رو به خوبی خنک می‌کنه.,پیشنهاد می‌کنم
1539,خوبه راضییم، قبلا هم ازش خریده بودیم,پیشنهاد می‌کنم
1540,برای کسی خریدم خیلی احساس رضایت داره,پیشنهاد می‌کنم
1541,سبک و کم صدا,پیشنهاد می‌کنم
1542,پنکه رومیزی دمنده,پیشنهاد می‌کنم
1543,پنکه با جعبه ی پاره و شکسته به دستم رسید جنس پلاستیکش ضعیف بود و شکستگی هاش به چشم نمیامد بعد از میک ساعت کار کردن دیگر روشن نشد,پیشنهاد نمی‌کنم
1544,پنکه رو میزی,پیشنهاد می‌کنم
1545,کم صدا و خوب,پیشنهاد می‌کنم
1546,کوچک قابل حمل,پیشنهاد می‌کنم
1547,عالی,پیشنهاد می‌کنم
1548,سه بار خریدم و راضیم,پیشنهاد می‌کنم
1549,خیلی نقلی و شیک با باد قوی,پیشنهاد می‌کنم
1550,توصیه میکنم بخرین,پیشنهاد می‌کنم
1551,خوبه فقط کلید شدت فن جابجا است یعنی شماره 1 بیشینه و شماره 3 کمینه را نشان می‌دهد,پیشنهاد می‌کنم
1552,خیلی خوبه. منتها قیمتش باید پایینتر باشه.,پیشنهاد می‌کنم
1553,پنکه,پیشنهاد می‌کنم
1554,خوبه,پیشنهاد می‌کنم
1555,عالی,پیشنهاد می‌کنم
1556,پرتاب باد خوبی داره اگه می‌چرخید خیلی عالی بود,پیشنهاد می‌کنم
1557,خوب,پیشنهاد می‌کنم
1558,واقعا مناسب محیط کاری و کتابخونه‌ای.,پیشنهاد می‌کنم
1559,نسبت به قیمت عاایه,پیشنهاد می‌کنم
1560,پنکه عالی بود برای فضای کوچیک کارت گارانتی هم داشت با تشکر از فروشنده,پیشنهاد می‌کنم
1561,خوبه,پیشنهاد می‌کنم
1562,پنکه خوبیه برای استفاده تک نفره وفضای کوچیک تازه گرفتم وبنظرخوب میاد امیدوارم دربلندمدتم همینطوربمونه,پیشنهاد می‌کنم
1563,فلفل نبین چه ریزه بشکن ببین چه تیره,پیشنهاد می‌کنم
1564,پنکه دمنده,پیشنهاد می‌کنم
1565,پنکه,پیشنهاد می‌کنم
1566,خوب بود,پیشنهاد می‌کنم
1567,پنکه رومیزی,پیشنهاد می‌کنم
1568,کیفیت,پیشنهاد می‌کنم
1569,عالی و کاربردی,پیشنهاد می‌کنم
1570,راضی ام ازش. یه اتاق پنج متری رو خیلی خوب خنک میکنه,پیشنهاد می‌کنم
1571,خوبه و کم سر و صدا برای یک نفر خیلی خوبه,پیشنهاد می‌کنم
1572,در مجموع برای روی میز کار در این گرما بهترین گزینه هست منتهی اشکالی که داره اینه که وقتی گرم میکنه خود بخود برای یه مدت خاموش میشه و این موضوع رو در توضیحات ننوشتن که من اول نگران شدم و فکر کردم بعد از دو روز خراب شده میخواستم بفرستم نمایندگی یا مرجوع کنم منتهی یکی از دوستان که از همین مدل داشت مشکل رو بهم گفت.,پیشنهاد می‌کنم
1573,از خریدم راضی ام,پیشنهاد می‌کنم
1574,خوب,پیشنهاد می‌کنم
1575,روی میز کارم گذاشتم و دیگه مشکلی با گرما ندارم. کم صداست و به نظر کیفیت ساخت خوبی داره فقط اینکه درجه بندیش برعکس و وقتی روشن میکنی از دور تند شروع میکنه,پیشنهاد می‌کنم
1576,یک بار مصرف!,مطمئن نیستم
1577,برای روی میز کارم خریدم و از سایز و کاراییش راضی ام,پیشنهاد می‌کنم
1578,آشغال,پیشنهاد نمی‌کنم
1579,پنکه رومیزی,پیشنهاد می‌کنم
1580,فراتر از انتظار,پیشنهاد می‌کنم
1581,همه چیز عالی,پیشنهاد می‌کنم
1582,بعد یه هفته سوخت !,پیشنهاد نمی‌کنم
1583,عالی,پیشنهاد می‌کنم
1584,خوب و معمولی بود,مطمئن نیستم
1585,کیفیت معمولی,پیشنهاد می‌کنم
1586,خیلی عالیه نوبتی کار میکنیم یه وقتایی من فوت میکنم خنک شه یه وقتایی اون,پیشنهاد نمی‌کنم
1587,بعد از چند ساعت کار کردن موتورش جام میکنه و دیگه روشن نمیشه,پیشنهاد نمی‌کنم
1588,پنکه رومیزی,پیشنهاد می‌کنم
1589,خوب بود,پیشنهاد می‌کنم
1590,ارزش خرید داره واقعا,پیشنهاد می‌کنم
1591,با کیفیت و مقرون بصرفه,پیشنهاد می‌کنم
1592,کم مصرف و کم صدا در دورهای پایین,پیشنهاد می‌کنم
1593,بسیار جمع و جور و خوب خنک می کنه,پیشنهاد می‌کنم
1594,کیفیت کالا و عملکرد خوب بود.,پیشنهاد می‌کنم
1595,خوب,پیشنهاد می‌کنم
1596,یه پنکه خوب,پیشنهاد می‌کنم
1597,عالی,پیشنهاد می‌کنم
1598,قابل قبول,پیشنهاد می‌کنم
1599,پنکه رومیزی,پیشنهاد می‌کنم
1600,بی صدا و. قدرت خوب,پیشنهاد می‌کنم
1601,عالی جهت میز کار,پیشنهاد می‌کنم
1602,پنکه یک جهته,پیشنهاد می‌کنم
1603,کولر,پیشنهاد می‌کنم
1604,خوبه,پیشنهاد می‌کنم
1605,خود به خود بعد نیم ساعت خاموش میشه,مطمئن نیستم
1606,تا حالا که باحال بوده و قوی,پیشنهاد می‌کنم
1607,سیم پنکه پاره بود، مرجوع کردم.,پیشنهاد نمی‌کنم
1608,خرابی محصول,پیشنهاد نمی‌کنم
1609,نسبت به قیمت کیفیت خوبی داره,پیشنهاد می‌کنم
1610,خیلی خوبه,پیشنهاد می‌کنم
1611,پنکه رومیزی,پیشنهاد می‌کنم
1612,عالی,پیشنهاد می‌کنم
1613,یک هفتس خریدم جنس بدنه خوب برای فضای یک اتاق کافی فقط سرعت از زیاد به کم شروع میشه که عجیب,پیشنهاد می‌کنم
1614,عالی,پیشنهاد می‌کنم
1615,خوب,پیشنهاد می‌کنم
1616,باعث شد جون سالم به در ببریم از گرمای تابستون پارسال.,پیشنهاد می‌کنم
1617,رضایت دارم,پیشنهاد می‌کنم
1618,عالی,پیشنهاد می‌کنم
1619,پنکه,پیشنهاد می‌کنم
1620,قدرت پرتاب بادش خوبه، صدا نداره ولی اینکه کلیدش برعکسه اذیت میکنه,پیشنهاد می‌کنم
1621,بعد از مدتی ک روشن میشه خودبخود خاموش میشه و مرجوع کردم ولی دوباره برگشت خورد و راضی نیستم,مطمئن نیستم
1622,خیلی خوب بود,پیشنهاد می‌کنم
1623,برای کار راه اندازی خوبه,پیشنهاد می‌کنم
1624,خوب نبود,پیشنهاد نمی‌کنم
1625,خوب و کاری,پیشنهاد می‌کنم
1626,عالی و بدون صدا کم مصرفه,پیشنهاد می‌کنم
1627,عالی بود از شب تا صبح روشنه با صدا کم و کیفیت بالا,پیشنهاد می‌کنم
1628,خرابه ک,پیشنهاد نمی‌کنم
1629,خیلی عالیه,پیشنهاد می‌کنم
1630,در کل یک چیز خوبیه نسبت به قیمتی که داره,پیشنهاد می‌کنم
1631,as good as pay,پیشنهاد می‌کنم
1632,خوب بود,پیشنهاد می‌کنم
1633,متاسفانه پنکه ای که به دستم رسید، اتصالی داره و بعد از نیم ساعت کار کردن، از کار میوفته و باید بزاری چند ساعت یا یک روز بگذره، که دوباره بتونی روشنش کنی، اونم دوباره موقتا کار میکنه. دیجی کالا هم که اصلا مسئولیت شو نمیپذیره، بعد از چندین بار مرجوع کردن، هر بار باهام تماس گرفتن، گفتن مشکلی نداره و محصول دوباره واسم فرستادن. پس لطفا اگر این کامنت رو میخونی حواست باشه، ممکنه پنکه ای که به دستت میرسه مشکل اتصالی داشته باشه و از دیجی کالا هم نباید توقع داشته باشی با مرجوع کردن، ...,پیشنهاد نمی‌کنم
1634,خیلی خوب,پیشنهاد می‌کنم
1635,یه موتور فن توالت ضعیف داخلش داره که با یه پروانه ساده یه باد ملویی میزنه، بیشتر بدرد خنک کردن نوزاد میخوره. و البته همونطور که دوستان گفتن درجه بادش هم برعکسه ! هرچی درجه رو بالاتر ببرید بادش کمتر میشه. البته درجه ش یه ولوم سلکتور باحال و نرمی داره که کار باهاش لذتبخشه. با توجه به جسه و سرعت فن، صدای زیادی هم داشت. و درنهایت اینکه یک ربع کار کرد و به ملکوت اعلی پیوست ... ! روحش شاد، مرجوعش گرامی.,پیشنهاد نمی‌کنم
1636,نسبت به قيمتش خوب هستش,پیشنهاد می‌کنم
1637,کارش عالیه,پیشنهاد می‌کنم
1638,کوچولوی پرقدرت,پیشنهاد می‌کنم
1639,پنکه قوی,پیشنهاد می‌کنم
1640,جمع وجور,پیشنهاد می‌کنم
1641,خوبه ولی گرون شده از قبل,پیشنهاد می‌کنم
1642,خیلی خوب وشیک وپر قدرته عالییییی,پیشنهاد می‌کنم
1643,کادوی مناسب,پیشنهاد می‌کنم
1644,شکستگی داشت,پیشنهاد می‌کنم
1645,کارتون راه میوفته,پیشنهاد می‌کنم
1646,خوبه,پیشنهاد می‌کنم
1647,تردید در مرجوع کردن,پیشنهاد می‌کنم
1648,عالی,پیشنهاد می‌کنم
1649,برا رو میز خوبه قدرت زیادی نداره,پیشنهاد می‌کنم
1650,پیشنهاد میدم بخرید مناسب روی میز کار هست,پیشنهاد می‌کنم
1651,عالیه,پیشنهاد می‌کنم
1652,عالی,پیشنهاد می‌کنم
1653,÷,پیشنهاد می‌کنم
1654,عالیه,پیشنهاد می‌کنم
1655,برای اتاق کاملا جواب میده. کم صداست با پرتاب باد خوب,پیشنهاد می‌کنم
1656,۲ روزه استفاده میکنم،عالیه,پیشنهاد می‌کنم
1657,مطلوب و ایده ال,پیشنهاد می‌کنم
1658,پنکه رومیزی دمنده مدل Haleh,پیشنهاد می‌کنم
1659,خرابی,پیشنهاد نمی‌کنم
1660,تازه خریدم و فعلا خیلی ازش راضیم. بی صدا و پر قدرته,پیشنهاد می‌کنم
1661,خوب,پیشنهاد می‌کنم
1662,پنکه,مطمئن نیستم
1663,واقعا کاربردی و با پرتاب باد عالی کوچولوعه ولی به کار میاد,پیشنهاد می‌کنم
1664,راضی کننده,پیشنهاد می‌کنم
1665,بی صدا است وهوا دهی خوبی دارد.,پیشنهاد می‌کنم
1666,عالی,پیشنهاد می‌کنم
1667,باکیفیته و مناسب برای کنار تخت و روی میز و اوپن آشپزخونه ، کلا برای مصرف روزمره خوبه برق کمی مصرف میکنه و صدای کمی داره ولی قدرت بالا,پیشنهاد می‌کنم
1668,پنکه رومیزی,پیشنهاد می‌کنم
1669,پنکه رومیزی هاله,پیشنهاد می‌کنم
1670,ضعیف‌تر از انتظار,مطمئن نیستم
1671,عالی,پیشنهاد می‌کنم
1672,نظر مثبت,پیشنهاد می‌کنم
1673,پنکه ی خوبی بود سبک و جا دار,پیشنهاد می‌کنم
1674,خیلی خوبه,پیشنهاد می‌کنم
1675,واقعا پر قدرت و دلچسب این پنکه,پیشنهاد می‌کنم
1676,عالی و بیصدا,پیشنهاد می‌کنم
1677,پنکه رومیزی,پیشنهاد می‌کنم
1678,پیشنهاد خرید میدهم,پیشنهاد می‌کنم
1679,پنکه رومیزی,پیشنهاد می‌کنم
1680,عالیییییییی,پیشنهاد می‌کنم
1681,کارایی و استفاده از فن,پیشنهاد می‌کنم
1682,عالق,پیشنهاد می‌کنم
1683,پنکه معیوب است,پیشنهاد نمی‌کنم
1684,کوچک و کاربردی,پیشنهاد می‌کنم
1685,عالی و با کیفیت,پیشنهاد می‌کنم
1686,من ازش زاضی استم,پیشنهاد می‌کنم
1687,محصول خیلی خوبیه در عین کوچکی خیلی کاربردیه و فن خوبی داره,پیشنهاد می‌کنم
1688,کارش درسته,پیشنهاد می‌کنم
1689,بعد چهار سال استفاده ده,پیشنهاد می‌کنم
1690,نسبت به قیمتش خیلی می ارزه و برای اتاق خواب واقعا جواب میده. ان شاالله که طول عمرش هم خوب باشه,پیشنهاد می‌کنم
1691,به قیمتش می ارزه. قدرت باد خوبی داره,پیشنهاد می‌کنم
1692,تجربه خرید عالی,پیشنهاد می‌کنم
1693,پنکه دمنده,پیشنهاد نمی‌کنم
1694,عالی,پیشنهاد می‌کنم
1695,واقعا خوبه,پیشنهاد می‌کنم
1696,توصیه میکنم,پیشنهاد می‌کنم
1697,عالیی,پیشنهاد می‌کنم
1698,رومیزی دمنده مدل Haleh,مطمئن نیستم
1699,به نسبت قیمتش خوبه واقعا,پیشنهاد می‌کنم
1700,خیلی با حاله کوچیک وپر قدرته,پیشنهاد می‌کنم
1701,نسبت به قیمتش خوبه,پیشنهاد می‌کنم
1702,من تازه خریدم و امروز توی محل کارم استفاده کردم خیلی خوب بود خیلی صدا نداشت راضی هستم,پیشنهاد می‌کنم
1703,خوب بود خوشم اومد. جنس بدنش هم خوبه. قیمتش هم خیلی خوبه,پیشنهاد می‌کنم
1704,عالیه پیشنهاد میکنم بخرید .طراحی ساده ای داره وو کم جا با قدرت خوب,پیشنهاد می‌کنم
1705,خوب,پیشنهاد می‌کنم
1706,هیچکس باورش نمیشه این فسقلی همچین قدرتی داشته باشه. یه سالن 18 متری رو راحت خنک میکنه. توی خریدش شک نکنید,پیشنهاد می‌کنم
1707,خرید مناسب و مقرون به صرفه,پیشنهاد می‌کنم
1708,عالی,پیشنهاد می‌کنم
1709,ازارسال کالا راضی هستم,پیشنهاد می‌کنم
1710,فن,پیشنهاد می‌کنم
1711,تابستون برای روی میز اداره فوق العادست,پیشنهاد می‌کنم
1712,وقتی دستم رسید شکسته بود نتونستم مرجوع کنم,پیشنهاد نمی‌کنم
1713,خیلی خوبه,حداقل و حداکثر قدرتش
1714,عالیه,پیشنهاد می‌کنم
1715,کم صدا و مناسب برای فضای اتاق,پیشنهاد می‌کنم
1716,اندازه بزرگتر از یک نفره,پیشنهاد می‌کنم
1717,خوبه,پیشنهاد می‌کنم
1718,فوق العاده,پیشنهاد می‌کنم
1719,برای محوطه کوچیک خیلی خوبه,پیشنهاد می‌کنم
1720,پنكه دمنده,پیشنهاد می‌کنم
1721,پنکه,پیشنهاد می‌کنم
1722,اتاق کار همسرم سر کار خیییلی تهویه ش بده و هوا گرمه،واسه روی میزش گرفتم،ک واقعا راضیه,پیشنهاد نمی‌کنم
1723,پنکه دمنده,پیشنهاد می‌کنم
1724,مورد تایید است,پیشنهاد می‌کنم
1725,عالیژ,پیشنهاد می‌کنم
1726,دیروز به دستم رسیده و از نظر جنس و ابعاد خوبه، شماره های سرعت حرکت پره ها برعکسه که فکر نمی‌کنم مهم باشه، کم صدا و باد خوبی داره,پیشنهاد می‌کنم
1727,عالی فضای کم پرتاب باد خوب,پیشنهاد می‌کنم
1728,سرعت باد چند مرحله ای وخوب,پیشنهاد می‌کنم
1729,راضیم,پیشنهاد می‌کنم
1730,مناسب محل کار,پیشنهاد می‌کنم
1731,کار راه انداز و برای استفاده تک نفره خوب است,پیشنهاد می‌کنم
1732,پنکه رومیزی دمنده,پیشنهاد می‌کنم
1733,!دمنده,پیشنهاد می‌کنم
1734,پنکه خوبیه با قیمت مناسب,پیشنهاد می‌کنم
1735,خوب,پیشنهاد می‌کنم
1736,معمولی از هر نظر و کار راه انداز همین,پیشنهاد می‌کنم
1737,برای محل کار مناسب هست,پیشنهاد می‌کنم
1738,خرید این محصول رو توصیه میکنم,پیشنهاد می‌کنم
1739,عالی,پیشنهاد می‌کنم
1740,قدرت خوبی داره خیلی ام به کارمون اومد,پیشنهاد می‌کنم
1741,اوکیه خوبه بخرین تو این گرما به درد میخوره,پیشنهاد می‌کنم
1742,خوبه نسبت به بقیه محصولات خیلی بهتره,پیشنهاد می‌کنم
1743,بد نیست,پیشنهاد نمی‌کنم
1744,خوبه راضیم,پیشنهاد می‌کنم
1745,کیفیت,پیشنهاد می‌کنم
1746,بد نیست,مطمئن نیستم
1747,بسیار کاربردی,پیشنهاد می‌کنم
1748,خوب بود,پیشنهاد می‌کنم
1749,کیفیت پایین,پیشنهاد نمی‌کنم
1750,سلام، بسیار عالی و کاربردی هست، من برلی محل کارم گرفتم، هم خوب خنک میکنه و دوی میزم گذاشتم و فضای کمی می خواد، من واقعا از خرید این محصول راضی ام😊,پیشنهاد می‌کنم
1751,عالی برا محیط کار حرف نداره,پیشنهاد می‌کنم
1752,پنکه رومیزی,پیشنهاد می‌کنم
1753,ببینید بستگی داره چی میخواید برای ی اتاق متوسط مناسبه برای روی میز مطالعه یا کار مناسبه من برای همین موارد میخواستم که اوکی بود‌ برای من یدونه ویدیوام گذاشتم که قدرت بادش در سه درجه کامل رو لباسم مشخصه,پیشنهاد می‌کنم
1754,پنکه خوبیه ،من راضیم,پیشنهاد می‌کنم
1755,عالیه از هر نظر,پیشنهاد می‌کنم
1756,کار راه انداز,پیشنهاد می‌کنم
1757,خوبه,پیشنهاد می‌کنم
1758,خراب,پیشنهاد نمی‌کنم
1759,باد دهی فراتر از انتظار,پیشنهاد می‌کنم
1760,بسیار عالی,مصرف برق بسیار کم
1761,خوب بود,پیشنهاد می‌کنم
1762,روی دور کند و متوسط اصلا صدا نداره. ولی دور تندش یه مقدار صدا میده. شدت بادش هم خیلی زیاد نیست. برای دور کند و متوسط به نظرم اوکیه ولی برای دور تند من توقعم بیشتر از این بود,پیشنهاد می‌کنم
1763,پنکه رومیزی,پیشنهاد می‌کنم
1764,در خریدش شک نکنید.,پیشنهاد می‌کنم
1765,بسیار عالی پدر قدرت,پیشنهاد می‌کنم
1766,پنکه,پیشنهاد می‌کنم
1767,درجش برعکس عمل میکنه. یعنی ۱ تند میشه ۲ کند‌میشه سه خیلی کند,مطمئن نیستم
1768,بادش خیلی خنک بود,پیشنهاد می‌کنم
1769,خیلی جالب بود,پیشنهاد می‌کنم
1770,خوبه با این که کوچیکه ولی باد خوبی میزنه,پیشنهاد می‌کنم
1771,نسبت به اندازه عالیه. حدود دو متر پرتاب باد داره .با درجه کم,پیشنهاد می‌کنم
1772,کوچکتربن مدله,پیشنهاد می‌کنم
1773,عااااااالی بسیار پر قدرت و کم صدا اول سایز25 گرفته بودم مرجوع کردم این سایزو گرفتم که خیلی صداش کمتره. عالیه,پیشنهاد می‌کنم
1774,دمنده,پیشنهاد می‌کنم
1775,عااالیه,پیشنهاد می‌کنم
1776,خرید این محصول رو پیشنهاد میکنم فقط دو ایراد داره دکمه عکس کار میکنه وکاش چرخش داشت,پیشنهاد می‌کنم
1777,پنکه رو میزی,پیشنهاد می‌کنم
1778,خوب بود,پیشنهاد می‌کنم
1779,در شگفت انگیز ارزش داره,پیشنهاد می‌کنم
1780,عالی,پیشنهاد می‌کنم
1781,پنکه کوچولو وخوبیه,پیشنهاد می‌کنم
1782,بد نیست,پیشنهاد می‌کنم
1783,راضی,پیشنهاد می‌کنم
1784,برای محیط کوچک خوبه,مطمئن نیستم
1785,خوب,پیشنهاد می‌کنم
1786,پنکه قابل حمل و عالی,پیشنهاد می‌کنم
1787,برای یک اتاق عالیه,پیشنهاد می‌کنم
1788,توصیه می‌شود,پیشنهاد می‌کنم
1789,هنوز تازه به دستم رسیده باید ازش چند وقت استفاده کنم بعد دوبار میام نظر میدم,مطمئن نیستم
1790,کوچیک,مطمئن نیستم
1791,ممنون,پیشنهاد می‌کنم
1792,من چند ساله دارم. عالیه هنوز که کار میکنه,پیشنهاد می‌کنم
1793,خوبه برای اتاق خواب,پیشنهاد می‌کنم
1794,اصلا خوب نیست اولین چیزی هست ک از دیجی کالا گرفتم و راضی نبودم,پیشنهاد نمی‌کنم
1795,خیلی خوب و کار راه بندازه تقریبا کم صداس البته رو دور آروم,پیشنهاد می‌کنم
1796,حتما بخرید,پیشنهاد می‌کنم
1797,پنکه رومیزی هاله,مطمئن نیستم
1798,خوب,پیشنهاد می‌کنم
1799,پنکه رومیزی,پیشنهاد می‌کنم
1800,پنکه رومیزی,پیشنهاد می‌کنم
1801,خیلی خوب و عالیه. من از باد کولر متنفرم و خوبیش این که هرجا بخوای میبریش شیک .مطمعن زیبا سالم هم بود تشکر,پیشنهاد می‌کنم
1802,خریدار از تهران,پیشنهاد می‌کنم
1803,پنکه رو میزی,پیشنهاد می‌کنم
1804,یک محصول مقرون به صرفه خوب ایرانی.,پیشنهاد می‌کنم
1805,خوبه راضیم,پیشنهاد می‌کنم
1806,قدرت نه چندان مناسب,مطمئن نیستم
1807,ارزش خرید داره,پیشنهاد می‌کنم
1808,پنکه,پیشنهاد می‌کنم
1809,مگه گزینه دیگه ای هست؟,مطمئن نیستم
1810,عالی و بی نظیره واقعا محیط رو فرش مگهدمی داره,پیشنهاد می‌کنم
1811,کیفیت خوب باد خنک,پیشنهاد می‌کنم
1812,فقط حالت یک سرعتش خوبه، دو و سه خیلی آروم بادمیزنه,پیشنهاد می‌کنم
1813,باتشکر از دیجی کالا,پیشنهاد می‌کنم
1814,خوبه صدای کم کیفیت خوب کابل برق اندازه,پیشنهاد می‌کنم
1815,ماشالله دمنده,پیشنهاد می‌کنم
1816,نسبت به قیمت خوب,پیشنهاد می‌کنم
1817,مناسب برای محیط اداری,پیشنهاد می‌کنم
1818,خرابه,پیشنهاد نمی‌کنم
1819,کم صدا و به درد بخور,پیشنهاد می‌کنم
1820,پیشنهاد میدم که حتما ازاین پنکه خرید کنید,پیشنهاد می‌کنم
1821,پنکه دمنده هاله,پیشنهاد می‌کنم
1822,خیلی خوبه,پیشنهاد می‌کنم
1823,یه کم کوچیکه,پیشنهاد می‌کنم
1824,كم جا و طراحي خوب,پیشنهاد می‌کنم
1825,مناسب,پیشنهاد می‌کنم
1826,ساده ولی باکیفیت,مطمئن نیستم
1827,پنکه ی خوبیه,پیشنهاد می‌کنم
1828,به نسبت راضی بودم ولی چون رومیزیه ممکنه صداش ازاردهنده باشه,مطمئن نیستم
1829,پنکه دمنده,مطمئن نیستم
1830,پنکه رومیزی,پیشنهاد نمی‌کنم
1831,پنکه,پیشنهاد می‌کنم
1832,وقتی گرم میشود خاموش میشود,مطمئن نیستم
1833,خوب از خریدم راضی هستم,پیشنهاد می‌کنم
1834,به نسبت قیمت خیلی خوبه,پیشنهاد می‌کنم
1835,من هر سه سایز این پنکه رو خریدم سایز ۲۰ برای میز کار و اتاق خواب کاملا بی صداست البته با فرض اینکه روی دور کند باشه و دور کندش تا حدود یک و نیم متر رو جواب میده مثلا روی دراور یا میز پاتختی باشه ولی اگر فاصله بیشتره دور تندش پرصداست و سایز بزرگنر ۲۵ بخرید که دور کندش کم صداتره و میتونه اون فاصله رو پوشش بده. سایز ۳۰ فقط مناسب تهویه و گردش هوای اتاقه و دور کندش هم به شدت پر صداست,پیشنهاد می‌کنم
1836,پنکه,پیشنهاد می‌کنم
1837,کم صدا و کاربردی,پیشنهاد می‌کنم
1838,عالی برای مکان های کوچک,پیشنهاد می‌کنم
1839,عالی,پیشنهاد می‌کنم
1840,از آنجا که این وسیله بر خلاف فن های ثابت که برای آشپزخانه یا سرویس ها استفاده میشود ، با تغییراتی مانند پایه و ،،،به پنکه رو میزی تغییر کاربری داده شده است ، بایستی در استحکام آن بیشتر توجه صورت گیرد ، تا در صورت افتادن یا اصابت اشیا براحتی نشکند ،،، در کل تغییر جالب و قابل تقدیر دارد,پیشنهاد می‌کنم
1841,خوب فقط درجه برعکس,پیشنهاد می‌کنم
1842,عالی بود,پیشنهاد می‌کنم
1843,عالی,پیشنهاد می‌کنم
1844,پنکه,پیشنهاد می‌کنم
1845,ساخت ایرانه وشبیه یه فن تهویه است که ثابته و کلید ۳ حالته داره کلا خوبه ولی میتونست طراحی شیکتری داشته باشه مثلا دستگیره حمل و جای سیم واگه چرخش وریموت هم داشت عالی میشد طراحان عزیز یکمم از خارجیا یاد بگیرید,پیشنهاد می‌کنم
1846,اضافه کردن دو قطعه کاربردی,پیشنهاد می‌کنم
1847,خیلی خوبه,پیشنهاد می‌کنم
1848,بسته بندی افتضاح,پیشنهاد نمی‌کنم
1849,خوبه توصیه میکنم,پیشنهاد می‌کنم
1850,عالی,پیشنهاد می‌کنم
1851,نسبت به اندازه‌ش خنک کنندگی خوبی داره و من شب ها روشن می‌ذارمش و با اینکه یک ساله دارمش اما مشکلی براش به وجود نیومده. نسبت به قیمتش عالیه.,پیشنهاد می‌کنم
1852,عالی,پیشنهاد می‌کنم
1853,پنکه دمنده,پیشنهاد می‌کنم
1854,نسبت به قیمتش کارکرد موثری داره و از کیفیت قابل قبولی برخورداره,پیشنهاد می‌کنم
1855,بی نظیره,پیشنهاد می‌کنم
1856,نخرید نخرید نخریددوبار5دقیقه کار کرد سوخت نخرید,پیشنهاد نمی‌کنم
1857,عالیه,پیشنهاد می‌کنم
1858,دیروز به دستم رسید و از امروز آوردمش سر کار و روی میز گذاشتم دور کندش به نظر من برای استفاده روتین کافیه پرتاب بادش عالیه تقریبا بی صدا طراحی خوب و اندازه مناسب و در مجموع واقعا بههمه کسایی که دنبال یه پنکه رومیزی هستن پیشنهاد میکنم,پیشنهاد می‌کنم
1859,دمنده,پیشنهاد می‌کنم
1860,کاربردی,کم صدا
1861,عالیه,پیشنهاد می‌کنم
1862,نقص فنی,پیشنهاد نمی‌کنم
1863,خیلی خوب بود,پیشنهاد می‌کنم
1864,خوبه راضیم,پیشنهاد می‌کنم
1865,با کیفیت,پیشنهاد می‌کنم
1866,کیفیت خوب و تقریبا بی صدا,پیشنهاد می‌کنم
1867,پنکه رومیزی خوبیه ، تابحال دو عدد از این پنکه را برای خود و دیگران سفارش دادم ، برخلاف ظاهرش از قدرت خنک کنندگی خوبی برخورداره . تنها ایرادش اینه که به صورت ثابته و چرخشی نیست.,پیشنهاد می‌کنم
1868,کالای دریافت شده دچار اشکال میباشد.,مطمئن نیستم
1869,برای فضای کوچک بسیار مناسب است کاش چرخشی بود,پیشنهاد می‌کنم
1870,با توجه به پول پرداخت کیفیت خوبی داره و کارایی قابل قبول,کیفیت خوب
1871,هاله,پیشنهاد می‌کنم
1872,برای آشپزخانه خرید م,پیشنهاد می‌کنم
1873,پنکه خوبیه برای فضای یه اتاق کافیه,پیشنهاد می‌کنم
1874,به نظر من عالیه هم کم صداست هم باد خوبی داره به نسبت جثه اش,پیشنهاد می‌کنم
1875,کارآمد و کوچک,پیشنهاد می‌کنم
1876,پنکه دمنده,پیشنهاد می‌کنم
1877,پنکه رومیزی,پیشنهاد می‌کنم
1878,پنکه رو میزی,پیشنهاد می‌کنم
1879,خوب بود,پیشنهاد می‌کنم
1880,کیفیت خوب و ظاهر خوب داره و کیفیت قابل قبول داره. هرچند قیمت رو هر روز بالا برده اند.,پیشنهاد می‌کنم
1881,کم صدا,پیشنهاد می‌کنم
1882,خوب و کم صدا,پیشنهاد می‌کنم
1883,خیلی ممنون عالی بود,پیشنهاد می‌کنم
1884,پنکه رومیزی مدل Hale,پیشنهاد نمی‌کنم
1885,خوب بود,پیشنهاد می‌کنم
1886,راضی ام ازش,پیشنهاد می‌کنم
1887,خوبه واقعا,پیشنهاد می‌کنم
1888,پنکه رومیزی,پیشنهاد می‌کنم
1889,سبک و جمع و جوره. پرتاب باد خوبی داره. برای استفاده داخل اتاق مناسبه. من ازش راضی هستم کاملا.,پیشنهاد می‌کنم
1890,خدارو شکر سالم به دستم رسید و بی صدا هم بود امیدوارم خوب کار کنه,پیشنهاد می‌کنم
1891,یک مصرف کننده‌ی کالا های ایرانی عالی,صدا ی کم
1892,خیلی خوب بود,پیشنهاد می‌کنم
1893,خراب خراب خراب,پیشنهاد نمی‌کنم
1894,کیفیت ش خوبه,پیشنهاد می‌کنم
1895,راضیم,پیشنهاد می‌کنم
1896,خیلی خوبه,پیشنهاد می‌کنم
1897,عالی,پیشنهاد می‌کنم
1898,عالی,دقیق و مناسب
1899,یخ زدم,پیشنهاد می‌کنم
1900,خوب و عالی کمی سایزش کوچیکه ولی سرعت باد قابل قبول داره,پیشنهاد می‌کنم
1901,عالی,جمع وجور بودن
1902,فوق العاده,پیشنهاد می‌کنم
1903,خیلی کاربردی نیست,مطمئن نیستم
1904,کیفیت خوبی داره,پیشنهاد می‌کنم
1905,برای یک اتاق کوچک خیلی خوبه,پیشنهاد می‌کنم
1906,همه چی عالی,پیشنهاد می‌کنم
1907,کم صدا قدرتمند، عالیه,پیشنهاد می‌کنم
1908,پنکه رومیزی,پیشنهاد می‌کنم
1909,گرونه,پیشنهاد می‌کنم
1910,بستگی به توقعتون داره,خنکی قابل قبول برای روی میز
1911,واقعا عالي و کم صدا بود .ابعاد مناسبی دارد .,پیشنهاد می‌کنم
1912,کیفیت قابل قبول,پیشنهاد می‌کنم
1913,خوب,پیشنهاد می‌کنم
1914,عالی,پیشنهاد می‌کنم
1915,پنکه رومیزی دمنده مدل Haleh,پیشنهاد می‌کنم
1916,پنکه ی درجه یک,پیشنهاد می‌کنم
1917,خیلی عالیه ومن ازخریدم راضیم,پیشنهاد می‌کنم
1918,کیفیتش خوبه کارکرد بدون سر و صدا,پیشنهاد می‌کنم
